,year,source_id,experiment_id,tas
0,1900.0,CESM2,historical,287.19963968642077
1,1900.0,CESM2,ssp370,
2,1900.0,MPI-ESM1-2-LR,historical,286.58021854102657
3,1900.0,MPI-ESM1-2-LR,ssp370,
4,1900.0,CNRM-ESM2-1,historical,286.63366521647794
5,1900.0,CNRM-ESM2-1,ssp370,
6,1900.0,EC-Earth3-Veg,historical,287.09670419760664
7,1900.0,EC-Earth3-Veg,ssp370,
8,1900.0,FGOALS-g3,historical,287.16689195829446
9,1900.0,FGOALS-g3,ssp370,
10,1900.0,UKESM1-0-LL,historical,286.4887989219996
11,1900.0,UKESM1-0-LL,ssp370,
12,1900.0,CanESM5,historical,286.5142443211965
13,1900.0,CanESM5,ssp370,
14,1900.0,ACCESS-CM2,historical,287.1201308503432
15,1900.0,ACCESS-CM2,ssp370,
16,1900.0,EC-Earth3,historical,287.12087737344416
17,1900.0,EC-Earth3,ssp370,
18,1901.0,CESM2,historical,287.41339729920674
19,1901.0,CESM2,ssp370,
20,1901.0,MPI-ESM1-2-LR,historical,286.6734573624437
21,1901.0,MPI-ESM1-2-LR,ssp370,
22,1901.0,CNRM-ESM2-1,historical,286.8690905901643
23,1901.0,CNRM-ESM2-1,ssp370,
24,1901.0,EC-Earth3-Veg,historical,287.02896580054613
25,1901.0,EC-Earth3-Veg,ssp370,
26,1901.0,FGOALS-g3,historical,287.0825489776576
27,1901.0,FGOALS-g3,ssp370,
28,1901.0,UKESM1-0-LL,historical,286.47838363088874
29,1901.0,UKESM1-0-LL,ssp370,
30,1901.0,CanESM5,historical,286.63970135317174
31,1901.0,CanESM5,ssp370,
32,1901.0,ACCESS-CM2,historical,287.2422271286371
33,1901.0,ACCESS-CM2,ssp370,
34,1901.0,EC-Earth3,historical,287.0156638867689
35,1901.0,EC-Earth3,ssp370,
36,1902.0,CESM2,historical,287.35682059039556
37,1902.0,CESM2,ssp370,
38,1902.0,MPI-ESM1-2-LR,historical,286.82951835154904
39,1902.0,MPI-ESM1-2-LR,ssp370,
40,1902.0,CNRM-ESM2-1,historical,286.6618843304944
41,1902.0,CNRM-ESM2-1,ssp370,
42,1902.0,EC-Earth3-Veg,historical,287.07826351320665
43,1902.0,EC-Earth3-Veg,ssp370,
44,1902.0,FGOALS-g3,historical,287.1855000020512
45,1902.0,FGOALS-g3,ssp370,
46,1902.0,UKESM1-0-LL,historical,286.37659125575505
47,1902.0,UKESM1-0-LL,ssp370,
48,1902.0,CanESM5,historical,286.63173991831076
49,1902.0,CanESM5,ssp370,
50,1902.0,ACCESS-CM2,historical,287.0366363070886
51,1902.0,ACCESS-CM2,ssp370,
52,1902.0,EC-Earth3,historical,286.94639361716725
53,1902.0,EC-Earth3,ssp370,
54,1903.0,CESM2,historical,287.07632722727124
55,1903.0,CESM2,ssp370,
56,1903.0,MPI-ESM1-2-LR,historical,286.66803581739464
57,1903.0,MPI-ESM1-2-LR,ssp370,
58,1903.0,CNRM-ESM2-1,historical,286.6989346055587
59,1903.0,CNRM-ESM2-1,ssp370,
60,1903.0,EC-Earth3-Veg,historical,286.8208323714008
61,1903.0,EC-Earth3-Veg,ssp370,
62,1903.0,FGOALS-g3,historical,287.0522054999277
63,1903.0,FGOALS-g3,ssp370,
64,1903.0,UKESM1-0-LL,historical,286.31817708143177
65,1903.0,UKESM1-0-LL,ssp370,
66,1903.0,CanESM5,historical,286.56186692368965
67,1903.0,CanESM5,ssp370,
68,1903.0,ACCESS-CM2,historical,286.83965284894055
69,1903.0,ACCESS-CM2,ssp370,
70,1903.0,EC-Earth3,historical,286.8429909746172
71,1903.0,EC-Earth3,ssp370,
72,1904.0,CESM2,historical,287.08662779289835
73,1904.0,CESM2,ssp370,
74,1904.0,MPI-ESM1-2-LR,historical,286.68190305163506
75,1904.0,MPI-ESM1-2-LR,ssp370,
76,1904.0,CNRM-ESM2-1,historical,286.6942305499037
77,1904.0,CNRM-ESM2-1,ssp370,
78,1904.0,EC-Earth3-Veg,historical,286.71722778733425
79,1904.0,EC-Earth3-Veg,ssp370,
80,1904.0,FGOALS-g3,historical,286.98645481765806
81,1904.0,FGOALS-g3,ssp370,
82,1904.0,UKESM1-0-LL,historical,286.41924127430224
83,1904.0,UKESM1-0-LL,ssp370,
84,1904.0,CanESM5,historical,286.70947335936404
85,1904.0,CanESM5,ssp370,
86,1904.0,ACCESS-CM2,historical,286.8117905971946
87,1904.0,ACCESS-CM2,ssp370,
88,1904.0,EC-Earth3,historical,286.79928823396256
89,1904.0,EC-Earth3,ssp370,
90,1905.0,CESM2,historical,287.21038993908405
91,1905.0,CESM2,ssp370,
92,1905.0,MPI-ESM1-2-LR,historical,286.6885100572486
93,1905.0,MPI-ESM1-2-LR,ssp370,
94,1905.0,CNRM-ESM2-1,historical,286.4694156195408
95,1905.0,CNRM-ESM2-1,ssp370,
96,1905.0,EC-Earth3-Veg,historical,286.8896668039536
97,1905.0,EC-Earth3-Veg,ssp370,
98,1905.0,FGOALS-g3,historical,286.9969611326391
99,1905.0,FGOALS-g3,ssp370,
100,1905.0,UKESM1-0-LL,historical,286.29531877703886
101,1905.0,UKESM1-0-LL,ssp370,
102,1905.0,CanESM5,historical,286.5938018722317
103,1905.0,CanESM5,ssp370,
104,1905.0,ACCESS-CM2,historical,286.97163146931854
105,1905.0,ACCESS-CM2,ssp370,
106,1905.0,EC-Earth3,historical,286.8577019742423
107,1905.0,EC-Earth3,ssp370,
108,1906.0,CESM2,historical,287.20388545863847
109,1906.0,CESM2,ssp370,
110,1906.0,MPI-ESM1-2-LR,historical,286.56513326612856
111,1906.0,MPI-ESM1-2-LR,ssp370,
112,1906.0,CNRM-ESM2-1,historical,286.69531228486557
113,1906.0,CNRM-ESM2-1,ssp370,
114,1906.0,EC-Earth3-Veg,historical,287.03871052805624
115,1906.0,EC-Earth3-Veg,ssp370,
116,1906.0,FGOALS-g3,historical,286.95530629927504
117,1906.0,FGOALS-g3,ssp370,
118,1906.0,UKESM1-0-LL,historical,286.3271681836173
119,1906.0,UKESM1-0-LL,ssp370,
120,1906.0,CanESM5,historical,286.5259832326055
121,1906.0,CanESM5,ssp370,
122,1906.0,ACCESS-CM2,historical,286.90696192655554
123,1906.0,ACCESS-CM2,ssp370,
124,1906.0,EC-Earth3,historical,286.93024403032064
125,1906.0,EC-Earth3,ssp370,
126,1907.0,CESM2,historical,287.1369951574316
127,1907.0,CESM2,ssp370,
128,1907.0,MPI-ESM1-2-LR,historical,286.7119871625703
129,1907.0,MPI-ESM1-2-LR,ssp370,
130,1907.0,CNRM-ESM2-1,historical,286.84948857996545
131,1907.0,CNRM-ESM2-1,ssp370,
132,1907.0,EC-Earth3-Veg,historical,287.0616965675386
133,1907.0,EC-Earth3-Veg,ssp370,
134,1907.0,FGOALS-g3,historical,287.0993805996372
135,1907.0,FGOALS-g3,ssp370,
136,1907.0,UKESM1-0-LL,historical,286.36201452591814
137,1907.0,UKESM1-0-LL,ssp370,
138,1907.0,CanESM5,historical,286.52145848882753
139,1907.0,CanESM5,ssp370,
140,1907.0,ACCESS-CM2,historical,286.87137913395503
141,1907.0,ACCESS-CM2,ssp370,
142,1907.0,EC-Earth3,historical,287.06399206606056
143,1907.0,EC-Earth3,ssp370,
144,1908.0,CESM2,historical,287.2006780696456
145,1908.0,CESM2,ssp370,
146,1908.0,MPI-ESM1-2-LR,historical,286.8163466429557
147,1908.0,MPI-ESM1-2-LR,ssp370,
148,1908.0,CNRM-ESM2-1,historical,286.7586383484136
149,1908.0,CNRM-ESM2-1,ssp370,
150,1908.0,EC-Earth3-Veg,historical,287.0597104806895
151,1908.0,EC-Earth3-Veg,ssp370,
152,1908.0,FGOALS-g3,historical,287.18130495493875
153,1908.0,FGOALS-g3,ssp370,
154,1908.0,UKESM1-0-LL,historical,286.5331693573042
155,1908.0,UKESM1-0-LL,ssp370,
156,1908.0,CanESM5,historical,286.65284175965536
157,1908.0,CanESM5,ssp370,
158,1908.0,ACCESS-CM2,historical,286.9249762470469
159,1908.0,ACCESS-CM2,ssp370,
160,1908.0,EC-Earth3,historical,286.96343462624253
161,1908.0,EC-Earth3,ssp370,
162,1909.0,CESM2,historical,287.3073356812383
163,1909.0,CESM2,ssp370,
164,1909.0,MPI-ESM1-2-LR,historical,286.5734575795115
165,1909.0,MPI-ESM1-2-LR,ssp370,
166,1909.0,CNRM-ESM2-1,historical,286.8201435487619
167,1909.0,CNRM-ESM2-1,ssp370,
168,1909.0,EC-Earth3-Veg,historical,287.01034948710935
169,1909.0,EC-Earth3-Veg,ssp370,
170,1909.0,FGOALS-g3,historical,287.1615841114201
171,1909.0,FGOALS-g3,ssp370,
172,1909.0,UKESM1-0-LL,historical,286.3758069144549
173,1909.0,UKESM1-0-LL,ssp370,
174,1909.0,CanESM5,historical,286.6340951418427
175,1909.0,CanESM5,ssp370,
176,1909.0,ACCESS-CM2,historical,287.01797029038767
177,1909.0,ACCESS-CM2,ssp370,
178,1909.0,EC-Earth3,historical,286.88543151441587
179,1909.0,EC-Earth3,ssp370,
180,1910.0,CESM2,historical,287.11593898049614
181,1910.0,CESM2,ssp370,
182,1910.0,MPI-ESM1-2-LR,historical,286.5968264831712
183,1910.0,MPI-ESM1-2-LR,ssp370,
184,1910.0,CNRM-ESM2-1,historical,286.5929830595687
185,1910.0,CNRM-ESM2-1,ssp370,
186,1910.0,EC-Earth3-Veg,historical,286.8709767866915
187,1910.0,EC-Earth3-Veg,ssp370,
188,1910.0,FGOALS-g3,historical,287.0927688611016
189,1910.0,FGOALS-g3,ssp370,
190,1910.0,UKESM1-0-LL,historical,286.3813757375557
191,1910.0,UKESM1-0-LL,ssp370,
192,1910.0,CanESM5,historical,286.6210811920205
193,1910.0,CanESM5,ssp370,
194,1910.0,ACCESS-CM2,historical,286.9888648847787
195,1910.0,ACCESS-CM2,ssp370,
196,1910.0,EC-Earth3,historical,287.01282975378325
197,1910.0,EC-Earth3,ssp370,
198,1911.0,CESM2,historical,287.1201397854385
199,1911.0,CESM2,ssp370,
200,1911.0,MPI-ESM1-2-LR,historical,286.75003016193074
201,1911.0,MPI-ESM1-2-LR,ssp370,
202,1911.0,CNRM-ESM2-1,historical,286.8149534932174
203,1911.0,CNRM-ESM2-1,ssp370,
204,1911.0,EC-Earth3-Veg,historical,286.8537560070877
205,1911.0,EC-Earth3-Veg,ssp370,
206,1911.0,FGOALS-g3,historical,287.2661308609979
207,1911.0,FGOALS-g3,ssp370,
208,1911.0,UKESM1-0-LL,historical,286.5250361497516
209,1911.0,UKESM1-0-LL,ssp370,
210,1911.0,CanESM5,historical,286.8397657306448
211,1911.0,CanESM5,ssp370,
212,1911.0,ACCESS-CM2,historical,287.03318967585136
213,1911.0,ACCESS-CM2,ssp370,
214,1911.0,EC-Earth3,historical,286.9722182030487
215,1911.0,EC-Earth3,ssp370,
216,1912.0,CESM2,historical,287.1565157069186
217,1912.0,CESM2,ssp370,
218,1912.0,MPI-ESM1-2-LR,historical,286.62998765699575
219,1912.0,MPI-ESM1-2-LR,ssp370,
220,1912.0,CNRM-ESM2-1,historical,286.7485633542825
221,1912.0,CNRM-ESM2-1,ssp370,
222,1912.0,EC-Earth3-Veg,historical,286.9968249643112
223,1912.0,EC-Earth3-Veg,ssp370,
224,1912.0,FGOALS-g3,historical,287.15278352961417
225,1912.0,FGOALS-g3,ssp370,
226,1912.0,UKESM1-0-LL,historical,286.5471762506393
227,1912.0,UKESM1-0-LL,ssp370,
228,1912.0,CanESM5,historical,286.5893706086467
229,1912.0,CanESM5,ssp370,
230,1912.0,ACCESS-CM2,historical,286.93289618742944
231,1912.0,ACCESS-CM2,ssp370,
232,1912.0,EC-Earth3,historical,286.85497917994286
233,1912.0,EC-Earth3,ssp370,
234,1913.0,CESM2,historical,287.1075033435668
235,1913.0,CESM2,ssp370,
236,1913.0,MPI-ESM1-2-LR,historical,286.6150692825549
237,1913.0,MPI-ESM1-2-LR,ssp370,
238,1913.0,CNRM-ESM2-1,historical,286.5835764506669
239,1913.0,CNRM-ESM2-1,ssp370,
240,1913.0,EC-Earth3-Veg,historical,287.0425417121178
241,1913.0,EC-Earth3-Veg,ssp370,
242,1913.0,FGOALS-g3,historical,286.99305731543524
243,1913.0,FGOALS-g3,ssp370,
244,1913.0,UKESM1-0-LL,historical,286.515699139519
245,1913.0,UKESM1-0-LL,ssp370,
246,1913.0,CanESM5,historical,286.4920722195574
247,1913.0,CanESM5,ssp370,
248,1913.0,ACCESS-CM2,historical,286.9932462477623
249,1913.0,ACCESS-CM2,ssp370,
250,1913.0,EC-Earth3,historical,286.9857232397791
251,1913.0,EC-Earth3,ssp370,
252,1914.0,CESM2,historical,287.0680731131099
253,1914.0,CESM2,ssp370,
254,1914.0,MPI-ESM1-2-LR,historical,286.64174372389857
255,1914.0,MPI-ESM1-2-LR,ssp370,
256,1914.0,CNRM-ESM2-1,historical,286.64007226661045
257,1914.0,CNRM-ESM2-1,ssp370,
258,1914.0,EC-Earth3-Veg,historical,286.849917948252
259,1914.0,EC-Earth3-Veg,ssp370,
260,1914.0,FGOALS-g3,historical,287.0317120417363
261,1914.0,FGOALS-g3,ssp370,
262,1914.0,UKESM1-0-LL,historical,286.49792831403755
263,1914.0,UKESM1-0-LL,ssp370,
264,1914.0,CanESM5,historical,286.5938427132631
265,1914.0,CanESM5,ssp370,
266,1914.0,ACCESS-CM2,historical,287.0180130582116
267,1914.0,ACCESS-CM2,ssp370,
268,1914.0,EC-Earth3,historical,287.00317574105355
269,1914.0,EC-Earth3,ssp370,
270,1915.0,CESM2,historical,287.05823372984014
271,1915.0,CESM2,ssp370,
272,1915.0,MPI-ESM1-2-LR,historical,286.812153222719
273,1915.0,MPI-ESM1-2-LR,ssp370,
274,1915.0,CNRM-ESM2-1,historical,286.65656472682787
275,1915.0,CNRM-ESM2-1,ssp370,
276,1915.0,EC-Earth3-Veg,historical,286.778885426963
277,1915.0,EC-Earth3-Veg,ssp370,
278,1915.0,FGOALS-g3,historical,287.3295798411639
279,1915.0,FGOALS-g3,ssp370,
280,1915.0,UKESM1-0-LL,historical,286.3997231624774
281,1915.0,UKESM1-0-LL,ssp370,
282,1915.0,CanESM5,historical,286.78085062686034
283,1915.0,CanESM5,ssp370,
284,1915.0,ACCESS-CM2,historical,287.1279348781904
285,1915.0,ACCESS-CM2,ssp370,
286,1915.0,EC-Earth3,historical,286.94211235444226
287,1915.0,EC-Earth3,ssp370,
288,1916.0,CESM2,historical,287.0339167147046
289,1916.0,CESM2,ssp370,
290,1916.0,MPI-ESM1-2-LR,historical,286.8674765851992
291,1916.0,MPI-ESM1-2-LR,ssp370,
292,1916.0,CNRM-ESM2-1,historical,286.50441563598025
293,1916.0,CNRM-ESM2-1,ssp370,
294,1916.0,EC-Earth3-Veg,historical,286.7005137391511
295,1916.0,EC-Earth3-Veg,ssp370,
296,1916.0,FGOALS-g3,historical,287.2791632759201
297,1916.0,FGOALS-g3,ssp370,
298,1916.0,UKESM1-0-LL,historical,286.5066899826492
299,1916.0,UKESM1-0-LL,ssp370,
300,1916.0,CanESM5,historical,286.6619599216068
301,1916.0,CanESM5,ssp370,
302,1916.0,ACCESS-CM2,historical,287.07413560920804
303,1916.0,ACCESS-CM2,ssp370,
304,1916.0,EC-Earth3,historical,286.9620148332968
305,1916.0,EC-Earth3,ssp370,
306,1917.0,CESM2,historical,287.120282973672
307,1917.0,CESM2,ssp370,
308,1917.0,MPI-ESM1-2-LR,historical,286.6774824137043
309,1917.0,MPI-ESM1-2-LR,ssp370,
310,1917.0,CNRM-ESM2-1,historical,286.5723145066912
311,1917.0,CNRM-ESM2-1,ssp370,
312,1917.0,EC-Earth3-Veg,historical,286.9425245287294
313,1917.0,EC-Earth3-Veg,ssp370,
314,1917.0,FGOALS-g3,historical,287.29812346505696
315,1917.0,FGOALS-g3,ssp370,
316,1917.0,UKESM1-0-LL,historical,286.7294829259615
317,1917.0,UKESM1-0-LL,ssp370,
318,1917.0,CanESM5,historical,286.7525519855828
319,1917.0,CanESM5,ssp370,
320,1917.0,ACCESS-CM2,historical,287.00670989472303
321,1917.0,ACCESS-CM2,ssp370,
322,1917.0,EC-Earth3,historical,287.07126452359
323,1917.0,EC-Earth3,ssp370,
324,1918.0,CESM2,historical,287.16349075394754
325,1918.0,CESM2,ssp370,
326,1918.0,MPI-ESM1-2-LR,historical,286.49761194613126
327,1918.0,MPI-ESM1-2-LR,ssp370,
328,1918.0,CNRM-ESM2-1,historical,286.5506433956302
329,1918.0,CNRM-ESM2-1,ssp370,
330,1918.0,EC-Earth3-Veg,historical,286.97919029026525
331,1918.0,EC-Earth3-Veg,ssp370,
332,1918.0,FGOALS-g3,historical,287.4767857019386
333,1918.0,FGOALS-g3,ssp370,
334,1918.0,UKESM1-0-LL,historical,286.49670368298746
335,1918.0,UKESM1-0-LL,ssp370,
336,1918.0,CanESM5,historical,286.7676758297174
337,1918.0,CanESM5,ssp370,
338,1918.0,ACCESS-CM2,historical,287.1680783617431
339,1918.0,ACCESS-CM2,ssp370,
340,1918.0,EC-Earth3,historical,287.23874822005286
341,1918.0,EC-Earth3,ssp370,
342,1919.0,CESM2,historical,287.24221956941625
343,1919.0,CESM2,ssp370,
344,1919.0,MPI-ESM1-2-LR,historical,286.6462371231195
345,1919.0,MPI-ESM1-2-LR,ssp370,
346,1919.0,CNRM-ESM2-1,historical,286.7883639162533
347,1919.0,CNRM-ESM2-1,ssp370,
348,1919.0,EC-Earth3-Veg,historical,287.1159253146507
349,1919.0,EC-Earth3-Veg,ssp370,
350,1919.0,FGOALS-g3,historical,287.3489395809214
351,1919.0,FGOALS-g3,ssp370,
352,1919.0,UKESM1-0-LL,historical,286.44622621134744
353,1919.0,UKESM1-0-LL,ssp370,
354,1919.0,CanESM5,historical,286.7439790625928
355,1919.0,CanESM5,ssp370,
356,1919.0,ACCESS-CM2,historical,287.1417217285585
357,1919.0,ACCESS-CM2,ssp370,
358,1919.0,EC-Earth3,historical,287.2517551473105
359,1919.0,EC-Earth3,ssp370,
360,1920.0,CESM2,historical,287.3961579549009
361,1920.0,CESM2,ssp370,
362,1920.0,MPI-ESM1-2-LR,historical,286.8094112804832
363,1920.0,MPI-ESM1-2-LR,ssp370,
364,1920.0,CNRM-ESM2-1,historical,286.7143409597131
365,1920.0,CNRM-ESM2-1,ssp370,
366,1920.0,EC-Earth3-Veg,historical,287.1244221555906
367,1920.0,EC-Earth3-Veg,ssp370,
368,1920.0,FGOALS-g3,historical,287.21275461751696
369,1920.0,FGOALS-g3,ssp370,
370,1920.0,UKESM1-0-LL,historical,286.5481585321229
371,1920.0,UKESM1-0-LL,ssp370,
372,1920.0,CanESM5,historical,286.60703326397567
373,1920.0,CanESM5,ssp370,
374,1920.0,ACCESS-CM2,historical,287.1905599778011
375,1920.0,ACCESS-CM2,ssp370,
376,1920.0,EC-Earth3,historical,287.1277959737185
377,1920.0,EC-Earth3,ssp370,
378,1921.0,CESM2,historical,287.1775783956939
379,1921.0,CESM2,ssp370,
380,1921.0,MPI-ESM1-2-LR,historical,286.9733771776652
381,1921.0,MPI-ESM1-2-LR,ssp370,
382,1921.0,CNRM-ESM2-1,historical,286.82256369023577
383,1921.0,CNRM-ESM2-1,ssp370,
384,1921.0,EC-Earth3-Veg,historical,287.1415286475555
385,1921.0,EC-Earth3-Veg,ssp370,
386,1921.0,FGOALS-g3,historical,287.2959364924297
387,1921.0,FGOALS-g3,ssp370,
388,1921.0,UKESM1-0-LL,historical,286.7933871694841
389,1921.0,UKESM1-0-LL,ssp370,
390,1921.0,CanESM5,historical,286.58906543754057
391,1921.0,CanESM5,ssp370,
392,1921.0,ACCESS-CM2,historical,287.13036939249855
393,1921.0,ACCESS-CM2,ssp370,
394,1921.0,EC-Earth3,historical,287.1488407616784
395,1921.0,EC-Earth3,ssp370,
396,1922.0,CESM2,historical,287.3416693591228
397,1922.0,CESM2,ssp370,
398,1922.0,MPI-ESM1-2-LR,historical,286.93249643351743
399,1922.0,MPI-ESM1-2-LR,ssp370,
400,1922.0,CNRM-ESM2-1,historical,286.73252703698347
401,1922.0,CNRM-ESM2-1,ssp370,
402,1922.0,EC-Earth3-Veg,historical,287.0787156828716
403,1922.0,EC-Earth3-Veg,ssp370,
404,1922.0,FGOALS-g3,historical,287.29928548809426
405,1922.0,FGOALS-g3,ssp370,
406,1922.0,UKESM1-0-LL,historical,286.9158502682007
407,1922.0,UKESM1-0-LL,ssp370,
408,1922.0,CanESM5,historical,286.7207690120325
409,1922.0,CanESM5,ssp370,
410,1922.0,ACCESS-CM2,historical,287.2175080656831
411,1922.0,ACCESS-CM2,ssp370,
412,1922.0,EC-Earth3,historical,286.99484710147635
413,1922.0,EC-Earth3,ssp370,
414,1923.0,CESM2,historical,287.54241224770664
415,1923.0,CESM2,ssp370,
416,1923.0,MPI-ESM1-2-LR,historical,286.81493902464814
417,1923.0,MPI-ESM1-2-LR,ssp370,
418,1923.0,CNRM-ESM2-1,historical,286.77591287927106
419,1923.0,CNRM-ESM2-1,ssp370,
420,1923.0,EC-Earth3-Veg,historical,287.0284824482641
421,1923.0,EC-Earth3-Veg,ssp370,
422,1923.0,FGOALS-g3,historical,287.17169688943267
423,1923.0,FGOALS-g3,ssp370,
424,1923.0,UKESM1-0-LL,historical,286.6741170580493
425,1923.0,UKESM1-0-LL,ssp370,
426,1923.0,CanESM5,historical,286.8498711022407
427,1923.0,CanESM5,ssp370,
428,1923.0,ACCESS-CM2,historical,287.13295485904615
429,1923.0,ACCESS-CM2,ssp370,
430,1923.0,EC-Earth3,historical,287.0598943569234
431,1923.0,EC-Earth3,ssp370,
432,1924.0,CESM2,historical,287.322749401615
433,1924.0,CESM2,ssp370,
434,1924.0,MPI-ESM1-2-LR,historical,286.85983465342656
435,1924.0,MPI-ESM1-2-LR,ssp370,
436,1924.0,CNRM-ESM2-1,historical,286.66423037696933
437,1924.0,CNRM-ESM2-1,ssp370,
438,1924.0,EC-Earth3-Veg,historical,286.9153841194706
439,1924.0,EC-Earth3-Veg,ssp370,
440,1924.0,FGOALS-g3,historical,287.2856099429832
441,1924.0,FGOALS-g3,ssp370,
442,1924.0,UKESM1-0-LL,historical,286.6217105894123
443,1924.0,UKESM1-0-LL,ssp370,
444,1924.0,CanESM5,historical,286.72842812143125
445,1924.0,CanESM5,ssp370,
446,1924.0,ACCESS-CM2,historical,287.19502730453434
447,1924.0,ACCESS-CM2,ssp370,
448,1924.0,EC-Earth3,historical,287.1509206573766
449,1924.0,EC-Earth3,ssp370,
450,1925.0,CESM2,historical,287.2259236704774
451,1925.0,CESM2,ssp370,
452,1925.0,MPI-ESM1-2-LR,historical,286.8926840010135
453,1925.0,MPI-ESM1-2-LR,ssp370,
454,1925.0,CNRM-ESM2-1,historical,286.6673330546519
455,1925.0,CNRM-ESM2-1,ssp370,
456,1925.0,EC-Earth3-Veg,historical,287.12156798998154
457,1925.0,EC-Earth3-Veg,ssp370,
458,1925.0,FGOALS-g3,historical,287.2493899921919
459,1925.0,FGOALS-g3,ssp370,
460,1925.0,UKESM1-0-LL,historical,286.63879495729276
461,1925.0,UKESM1-0-LL,ssp370,
462,1925.0,CanESM5,historical,286.8516652631212
463,1925.0,CanESM5,ssp370,
464,1925.0,ACCESS-CM2,historical,287.22448539494053
465,1925.0,ACCESS-CM2,ssp370,
466,1925.0,EC-Earth3,historical,287.0654901080404
467,1925.0,EC-Earth3,ssp370,
468,1926.0,CESM2,historical,287.2876391589321
469,1926.0,CESM2,ssp370,
470,1926.0,MPI-ESM1-2-LR,historical,286.93729859187835
471,1926.0,MPI-ESM1-2-LR,ssp370,
472,1926.0,CNRM-ESM2-1,historical,286.6800577989146
473,1926.0,CNRM-ESM2-1,ssp370,
474,1926.0,EC-Earth3-Veg,historical,287.16141907976413
475,1926.0,EC-Earth3-Veg,ssp370,
476,1926.0,FGOALS-g3,historical,287.2369730041623
477,1926.0,FGOALS-g3,ssp370,
478,1926.0,UKESM1-0-LL,historical,286.74447476474364
479,1926.0,UKESM1-0-LL,ssp370,
480,1926.0,CanESM5,historical,286.83241463286555
481,1926.0,CanESM5,ssp370,
482,1926.0,ACCESS-CM2,historical,287.14095438592
483,1926.0,ACCESS-CM2,ssp370,
484,1926.0,EC-Earth3,historical,287.110700474818
485,1926.0,EC-Earth3,ssp370,
486,1927.0,CESM2,historical,287.5269305288536
487,1927.0,CESM2,ssp370,
488,1927.0,MPI-ESM1-2-LR,historical,287.0738539971738
489,1927.0,MPI-ESM1-2-LR,ssp370,
490,1927.0,CNRM-ESM2-1,historical,286.7840959082631
491,1927.0,CNRM-ESM2-1,ssp370,
492,1927.0,EC-Earth3-Veg,historical,287.1947590175772
493,1927.0,EC-Earth3-Veg,ssp370,
494,1927.0,FGOALS-g3,historical,287.3340204957431
495,1927.0,FGOALS-g3,ssp370,
496,1927.0,UKESM1-0-LL,historical,286.7090739275839
497,1927.0,UKESM1-0-LL,ssp370,
498,1927.0,CanESM5,historical,286.6718748059704
499,1927.0,CanESM5,ssp370,
500,1927.0,ACCESS-CM2,historical,287.22888243149106
501,1927.0,ACCESS-CM2,ssp370,
502,1927.0,EC-Earth3,historical,287.05116119605617
503,1927.0,EC-Earth3,ssp370,
504,1928.0,CESM2,historical,287.4047074921419
505,1928.0,CESM2,ssp370,
506,1928.0,MPI-ESM1-2-LR,historical,287.0993930779698
507,1928.0,MPI-ESM1-2-LR,ssp370,
508,1928.0,CNRM-ESM2-1,historical,286.89853145300236
509,1928.0,CNRM-ESM2-1,ssp370,
510,1928.0,EC-Earth3-Veg,historical,287.200383526821
511,1928.0,EC-Earth3-Veg,ssp370,
512,1928.0,FGOALS-g3,historical,287.2962972093588
513,1928.0,FGOALS-g3,ssp370,
514,1928.0,UKESM1-0-LL,historical,286.5139795570778
515,1928.0,UKESM1-0-LL,ssp370,
516,1928.0,CanESM5,historical,286.86609218474763
517,1928.0,CanESM5,ssp370,
518,1928.0,ACCESS-CM2,historical,287.24275496725255
519,1928.0,ACCESS-CM2,ssp370,
520,1928.0,EC-Earth3,historical,287.0472481527217
521,1928.0,EC-Earth3,ssp370,
522,1929.0,CESM2,historical,287.4534161101855
523,1929.0,CESM2,ssp370,
524,1929.0,MPI-ESM1-2-LR,historical,287.090649783185
525,1929.0,MPI-ESM1-2-LR,ssp370,
526,1929.0,CNRM-ESM2-1,historical,286.7854389139373
527,1929.0,CNRM-ESM2-1,ssp370,
528,1929.0,EC-Earth3-Veg,historical,287.18928605274147
529,1929.0,EC-Earth3-Veg,ssp370,
530,1929.0,FGOALS-g3,historical,287.26129121210346
531,1929.0,FGOALS-g3,ssp370,
532,1929.0,UKESM1-0-LL,historical,286.59845374213654
533,1929.0,UKESM1-0-LL,ssp370,
534,1929.0,CanESM5,historical,286.76697267355274
535,1929.0,CanESM5,ssp370,
536,1929.0,ACCESS-CM2,historical,287.0718880263586
537,1929.0,ACCESS-CM2,ssp370,
538,1929.0,EC-Earth3,historical,287.0494135705107
539,1929.0,EC-Earth3,ssp370,
540,1930.0,CESM2,historical,287.32568196714334
541,1930.0,CESM2,ssp370,
542,1930.0,MPI-ESM1-2-LR,historical,286.93312317382885
543,1930.0,MPI-ESM1-2-LR,ssp370,
544,1930.0,CNRM-ESM2-1,historical,286.80100835398724
545,1930.0,CNRM-ESM2-1,ssp370,
546,1930.0,EC-Earth3-Veg,historical,287.09127765634406
547,1930.0,EC-Earth3-Veg,ssp370,
548,1930.0,FGOALS-g3,historical,287.3437213217896
549,1930.0,FGOALS-g3,ssp370,
550,1930.0,UKESM1-0-LL,historical,286.8520940578662
551,1930.0,UKESM1-0-LL,ssp370,
552,1930.0,CanESM5,historical,286.7513313718338
553,1930.0,CanESM5,ssp370,
554,1930.0,ACCESS-CM2,historical,287.18308533340814
555,1930.0,ACCESS-CM2,ssp370,
556,1930.0,EC-Earth3,historical,286.8491426332696
557,1930.0,EC-Earth3,ssp370,
558,1931.0,CESM2,historical,287.2694292455431
559,1931.0,CESM2,ssp370,
560,1931.0,MPI-ESM1-2-LR,historical,286.8036827084195
561,1931.0,MPI-ESM1-2-LR,ssp370,
562,1931.0,CNRM-ESM2-1,historical,286.8559294518466
563,1931.0,CNRM-ESM2-1,ssp370,
564,1931.0,EC-Earth3-Veg,historical,287.0725580368768
565,1931.0,EC-Earth3-Veg,ssp370,
566,1931.0,FGOALS-g3,historical,287.325669226806
567,1931.0,FGOALS-g3,ssp370,
568,1931.0,UKESM1-0-LL,historical,286.6036123518565
569,1931.0,UKESM1-0-LL,ssp370,
570,1931.0,CanESM5,historical,286.7414731970915
571,1931.0,CanESM5,ssp370,
572,1931.0,ACCESS-CM2,historical,287.19230190503987
573,1931.0,ACCESS-CM2,ssp370,
574,1931.0,EC-Earth3,historical,286.77574783192944
575,1931.0,EC-Earth3,ssp370,
576,1932.0,CESM2,historical,287.1909090770858
577,1932.0,CESM2,ssp370,
578,1932.0,MPI-ESM1-2-LR,historical,286.9070099755438
579,1932.0,MPI-ESM1-2-LR,ssp370,
580,1932.0,CNRM-ESM2-1,historical,286.81743433515834
581,1932.0,CNRM-ESM2-1,ssp370,
582,1932.0,EC-Earth3-Veg,historical,287.2473057427031
583,1932.0,EC-Earth3-Veg,ssp370,
584,1932.0,FGOALS-g3,historical,287.1745655379497
585,1932.0,FGOALS-g3,ssp370,
586,1932.0,UKESM1-0-LL,historical,286.5523298542848
587,1932.0,UKESM1-0-LL,ssp370,
588,1932.0,CanESM5,historical,286.8919203425489
589,1932.0,CanESM5,ssp370,
590,1932.0,ACCESS-CM2,historical,287.1568277055795
591,1932.0,ACCESS-CM2,ssp370,
592,1932.0,EC-Earth3,historical,286.82803290835113
593,1932.0,EC-Earth3,ssp370,
594,1933.0,CESM2,historical,287.2946616133105
595,1933.0,CESM2,ssp370,
596,1933.0,MPI-ESM1-2-LR,historical,286.9483241874235
597,1933.0,MPI-ESM1-2-LR,ssp370,
598,1933.0,CNRM-ESM2-1,historical,286.7059427185203
599,1933.0,CNRM-ESM2-1,ssp370,
600,1933.0,EC-Earth3-Veg,historical,287.1317214354968
601,1933.0,EC-Earth3-Veg,ssp370,
602,1933.0,FGOALS-g3,historical,287.24333328695815
603,1933.0,FGOALS-g3,ssp370,
604,1933.0,UKESM1-0-LL,historical,286.74802234525214
605,1933.0,UKESM1-0-LL,ssp370,
606,1933.0,CanESM5,historical,286.81629213558296
607,1933.0,CanESM5,ssp370,
608,1933.0,ACCESS-CM2,historical,287.2395055184277
609,1933.0,ACCESS-CM2,ssp370,
610,1933.0,EC-Earth3,historical,286.78654138713745
611,1933.0,EC-Earth3,ssp370,
612,1934.0,CESM2,historical,287.46289195461065
613,1934.0,CESM2,ssp370,
614,1934.0,MPI-ESM1-2-LR,historical,286.9493337601842
615,1934.0,MPI-ESM1-2-LR,ssp370,
616,1934.0,CNRM-ESM2-1,historical,286.6396235900733
617,1934.0,CNRM-ESM2-1,ssp370,
618,1934.0,EC-Earth3-Veg,historical,287.1775497044921
619,1934.0,EC-Earth3-Veg,ssp370,
620,1934.0,FGOALS-g3,historical,287.2940824231627
621,1934.0,FGOALS-g3,ssp370,
622,1934.0,UKESM1-0-LL,historical,286.75690003340236
623,1934.0,UKESM1-0-LL,ssp370,
624,1934.0,CanESM5,historical,286.7097313900332
625,1934.0,CanESM5,ssp370,
626,1934.0,ACCESS-CM2,historical,287.29647886788285
627,1934.0,ACCESS-CM2,ssp370,
628,1934.0,EC-Earth3,historical,286.7490351061693
629,1934.0,EC-Earth3,ssp370,
630,1935.0,CESM2,historical,287.3820434355196
631,1935.0,CESM2,ssp370,
632,1935.0,MPI-ESM1-2-LR,historical,286.734519341436
633,1935.0,MPI-ESM1-2-LR,ssp370,
634,1935.0,CNRM-ESM2-1,historical,286.69417583512416
635,1935.0,CNRM-ESM2-1,ssp370,
636,1935.0,EC-Earth3-Veg,historical,287.05384548119264
637,1935.0,EC-Earth3-Veg,ssp370,
638,1935.0,FGOALS-g3,historical,287.3611775453098
639,1935.0,FGOALS-g3,ssp370,
640,1935.0,UKESM1-0-LL,historical,286.6612816826987
641,1935.0,UKESM1-0-LL,ssp370,
642,1935.0,CanESM5,historical,286.79227837317575
643,1935.0,CanESM5,ssp370,
644,1935.0,ACCESS-CM2,historical,287.2717419658656
645,1935.0,ACCESS-CM2,ssp370,
646,1935.0,EC-Earth3,historical,286.8585329936094
647,1935.0,EC-Earth3,ssp370,
648,1936.0,CESM2,historical,287.35010588050324
649,1936.0,CESM2,ssp370,
650,1936.0,MPI-ESM1-2-LR,historical,286.9188575580097
651,1936.0,MPI-ESM1-2-LR,ssp370,
652,1936.0,CNRM-ESM2-1,historical,286.662267874176
653,1936.0,CNRM-ESM2-1,ssp370,
654,1936.0,EC-Earth3-Veg,historical,287.06864011251815
655,1936.0,EC-Earth3-Veg,ssp370,
656,1936.0,FGOALS-g3,historical,287.44539853958014
657,1936.0,FGOALS-g3,ssp370,
658,1936.0,UKESM1-0-LL,historical,286.63114332885533
659,1936.0,UKESM1-0-LL,ssp370,
660,1936.0,CanESM5,historical,286.71273139752697
661,1936.0,CanESM5,ssp370,
662,1936.0,ACCESS-CM2,historical,287.2247438188325
663,1936.0,ACCESS-CM2,ssp370,
664,1936.0,EC-Earth3,historical,286.883207992596
665,1936.0,EC-Earth3,ssp370,
666,1937.0,CESM2,historical,287.4592807162712
667,1937.0,CESM2,ssp370,
668,1937.0,MPI-ESM1-2-LR,historical,286.91746816509624
669,1937.0,MPI-ESM1-2-LR,ssp370,
670,1937.0,CNRM-ESM2-1,historical,286.6972834167893
671,1937.0,CNRM-ESM2-1,ssp370,
672,1937.0,EC-Earth3-Veg,historical,287.1069032831071
673,1937.0,EC-Earth3-Veg,ssp370,
674,1937.0,FGOALS-g3,historical,287.3462585436817
675,1937.0,FGOALS-g3,ssp370,
676,1937.0,UKESM1-0-LL,historical,286.4814134239223
677,1937.0,UKESM1-0-LL,ssp370,
678,1937.0,CanESM5,historical,286.8006045516329
679,1937.0,CanESM5,ssp370,
680,1937.0,ACCESS-CM2,historical,287.30318208377406
681,1937.0,ACCESS-CM2,ssp370,
682,1937.0,EC-Earth3,historical,286.89279724898097
683,1937.0,EC-Earth3,ssp370,
684,1938.0,CESM2,historical,287.4379867520794
685,1938.0,CESM2,ssp370,
686,1938.0,MPI-ESM1-2-LR,historical,286.85749665535417
687,1938.0,MPI-ESM1-2-LR,ssp370,
688,1938.0,CNRM-ESM2-1,historical,286.88221967936784
689,1938.0,CNRM-ESM2-1,ssp370,
690,1938.0,EC-Earth3-Veg,historical,287.2570114586667
691,1938.0,EC-Earth3-Veg,ssp370,
692,1938.0,FGOALS-g3,historical,287.4233796406043
693,1938.0,FGOALS-g3,ssp370,
694,1938.0,UKESM1-0-LL,historical,286.4769606367306
695,1938.0,UKESM1-0-LL,ssp370,
696,1938.0,CanESM5,historical,286.9037651914203
697,1938.0,CanESM5,ssp370,
698,1938.0,ACCESS-CM2,historical,287.2132539853792
699,1938.0,ACCESS-CM2,ssp370,
700,1938.0,EC-Earth3,historical,286.8143641803061
701,1938.0,EC-Earth3,ssp370,
702,1939.0,CESM2,historical,287.3958469429398
703,1939.0,CESM2,ssp370,
704,1939.0,MPI-ESM1-2-LR,historical,286.9396366797834
705,1939.0,MPI-ESM1-2-LR,ssp370,
706,1939.0,CNRM-ESM2-1,historical,286.5716457954871
707,1939.0,CNRM-ESM2-1,ssp370,
708,1939.0,EC-Earth3-Veg,historical,287.16027233628205
709,1939.0,EC-Earth3-Veg,ssp370,
710,1939.0,FGOALS-g3,historical,287.4110096417933
711,1939.0,FGOALS-g3,ssp370,
712,1939.0,UKESM1-0-LL,historical,286.7279169068787
713,1939.0,UKESM1-0-LL,ssp370,
714,1939.0,CanESM5,historical,286.90099697579313
715,1939.0,CanESM5,ssp370,
716,1939.0,ACCESS-CM2,historical,287.3153262766364
717,1939.0,ACCESS-CM2,ssp370,
718,1939.0,EC-Earth3,historical,286.89338614059255
719,1939.0,EC-Earth3,ssp370,
720,1940.0,CESM2,historical,287.39148618145697
721,1940.0,CESM2,ssp370,
722,1940.0,MPI-ESM1-2-LR,historical,287.16923556138926
723,1940.0,MPI-ESM1-2-LR,ssp370,
724,1940.0,CNRM-ESM2-1,historical,286.83173467273474
725,1940.0,CNRM-ESM2-1,ssp370,
726,1940.0,EC-Earth3-Veg,historical,287.3278445177932
727,1940.0,EC-Earth3-Veg,ssp370,
728,1940.0,FGOALS-g3,historical,287.40523518256646
729,1940.0,FGOALS-g3,ssp370,
730,1940.0,UKESM1-0-LL,historical,286.62507017681247
731,1940.0,UKESM1-0-LL,ssp370,
732,1940.0,CanESM5,historical,286.9237892169732
733,1940.0,CanESM5,ssp370,
734,1940.0,ACCESS-CM2,historical,287.3141638898488
735,1940.0,ACCESS-CM2,ssp370,
736,1940.0,EC-Earth3,historical,286.7972923597819
737,1940.0,EC-Earth3,ssp370,
738,1941.0,CESM2,historical,287.5862726078294
739,1941.0,CESM2,ssp370,
740,1941.0,MPI-ESM1-2-LR,historical,286.99235273664107
741,1941.0,MPI-ESM1-2-LR,ssp370,
742,1941.0,CNRM-ESM2-1,historical,286.817633591487
743,1941.0,CNRM-ESM2-1,ssp370,
744,1941.0,EC-Earth3-Veg,historical,287.19577402644114
745,1941.0,EC-Earth3-Veg,ssp370,
746,1941.0,FGOALS-g3,historical,287.5397442659383
747,1941.0,FGOALS-g3,ssp370,
748,1941.0,UKESM1-0-LL,historical,286.577355696178
749,1941.0,UKESM1-0-LL,ssp370,
750,1941.0,CanESM5,historical,286.9263533312017
751,1941.0,CanESM5,ssp370,
752,1941.0,ACCESS-CM2,historical,287.3757922950785
753,1941.0,ACCESS-CM2,ssp370,
754,1941.0,EC-Earth3,historical,286.86011182105733
755,1941.0,EC-Earth3,ssp370,
756,1942.0,CESM2,historical,287.29384465438164
757,1942.0,CESM2,ssp370,
758,1942.0,MPI-ESM1-2-LR,historical,286.865234926
759,1942.0,MPI-ESM1-2-LR,ssp370,
760,1942.0,CNRM-ESM2-1,historical,286.82268395052694
761,1942.0,CNRM-ESM2-1,ssp370,
762,1942.0,EC-Earth3-Veg,historical,287.17060979405346
763,1942.0,EC-Earth3-Veg,ssp370,
764,1942.0,FGOALS-g3,historical,287.4987189547115
765,1942.0,FGOALS-g3,ssp370,
766,1942.0,UKESM1-0-LL,historical,286.57254223922945
767,1942.0,UKESM1-0-LL,ssp370,
768,1942.0,CanESM5,historical,286.9211326267203
769,1942.0,CanESM5,ssp370,
770,1942.0,ACCESS-CM2,historical,287.2488944524967
771,1942.0,ACCESS-CM2,ssp370,
772,1942.0,EC-Earth3,historical,286.7820710310759
773,1942.0,EC-Earth3,ssp370,
774,1943.0,CESM2,historical,287.3988173358594
775,1943.0,CESM2,ssp370,
776,1943.0,MPI-ESM1-2-LR,historical,286.96110765756634
777,1943.0,MPI-ESM1-2-LR,ssp370,
778,1943.0,CNRM-ESM2-1,historical,286.6664724353822
779,1943.0,CNRM-ESM2-1,ssp370,
780,1943.0,EC-Earth3-Veg,historical,287.3399197504755
781,1943.0,EC-Earth3-Veg,ssp370,
782,1943.0,FGOALS-g3,historical,287.39038566839923
783,1943.0,FGOALS-g3,ssp370,
784,1943.0,UKESM1-0-LL,historical,286.66128864089274
785,1943.0,UKESM1-0-LL,ssp370,
786,1943.0,CanESM5,historical,286.7852229260874
787,1943.0,CanESM5,ssp370,
788,1943.0,ACCESS-CM2,historical,287.2484096152401
789,1943.0,ACCESS-CM2,ssp370,
790,1943.0,EC-Earth3,historical,286.760249773427
791,1943.0,EC-Earth3,ssp370,
792,1944.0,CESM2,historical,287.4129461282817
793,1944.0,CESM2,ssp370,
794,1944.0,MPI-ESM1-2-LR,historical,286.91551056825244
795,1944.0,MPI-ESM1-2-LR,ssp370,
796,1944.0,CNRM-ESM2-1,historical,286.81339789674735
797,1944.0,CNRM-ESM2-1,ssp370,
798,1944.0,EC-Earth3-Veg,historical,287.1733220714282
799,1944.0,EC-Earth3-Veg,ssp370,
800,1944.0,FGOALS-g3,historical,287.55244108725697
801,1944.0,FGOALS-g3,ssp370,
802,1944.0,UKESM1-0-LL,historical,286.6878913832066
803,1944.0,UKESM1-0-LL,ssp370,
804,1944.0,CanESM5,historical,286.549688124004
805,1944.0,CanESM5,ssp370,
806,1944.0,ACCESS-CM2,historical,287.2421133184464
807,1944.0,ACCESS-CM2,ssp370,
808,1944.0,EC-Earth3,historical,286.8548537649313
809,1944.0,EC-Earth3,ssp370,
810,1945.0,CESM2,historical,287.3610754827632
811,1945.0,CESM2,ssp370,
812,1945.0,MPI-ESM1-2-LR,historical,287.0231293578719
813,1945.0,MPI-ESM1-2-LR,ssp370,
814,1945.0,CNRM-ESM2-1,historical,286.7194128535903
815,1945.0,CNRM-ESM2-1,ssp370,
816,1945.0,EC-Earth3-Veg,historical,287.36018901712947
817,1945.0,EC-Earth3-Veg,ssp370,
818,1945.0,FGOALS-g3,historical,287.4423774783249
819,1945.0,FGOALS-g3,ssp370,
820,1945.0,UKESM1-0-LL,historical,286.71589488537427
821,1945.0,UKESM1-0-LL,ssp370,
822,1945.0,CanESM5,historical,286.65706639372263
823,1945.0,CanESM5,ssp370,
824,1945.0,ACCESS-CM2,historical,287.244745148984
825,1945.0,ACCESS-CM2,ssp370,
826,1945.0,EC-Earth3,historical,286.803023517898
827,1945.0,EC-Earth3,ssp370,
828,1946.0,CESM2,historical,287.3173841234054
829,1946.0,CESM2,ssp370,
830,1946.0,MPI-ESM1-2-LR,historical,286.8669901226927
831,1946.0,MPI-ESM1-2-LR,ssp370,
832,1946.0,CNRM-ESM2-1,historical,286.78532592522015
833,1946.0,CNRM-ESM2-1,ssp370,
834,1946.0,EC-Earth3-Veg,historical,287.35935356595525
835,1946.0,EC-Earth3-Veg,ssp370,
836,1946.0,FGOALS-g3,historical,287.4320201182177
837,1946.0,FGOALS-g3,ssp370,
838,1946.0,UKESM1-0-LL,historical,286.67119746908867
839,1946.0,UKESM1-0-LL,ssp370,
840,1946.0,CanESM5,historical,286.663139687137
841,1946.0,CanESM5,ssp370,
842,1946.0,ACCESS-CM2,historical,287.1752961168786
843,1946.0,ACCESS-CM2,ssp370,
844,1946.0,EC-Earth3,historical,286.73982481239733
845,1946.0,EC-Earth3,ssp370,
846,1947.0,CESM2,historical,287.17584009515923
847,1947.0,CESM2,ssp370,
848,1947.0,MPI-ESM1-2-LR,historical,286.88146171826764
849,1947.0,MPI-ESM1-2-LR,ssp370,
850,1947.0,CNRM-ESM2-1,historical,286.82077205473814
851,1947.0,CNRM-ESM2-1,ssp370,
852,1947.0,EC-Earth3-Veg,historical,287.2793745284692
853,1947.0,EC-Earth3-Veg,ssp370,
854,1947.0,FGOALS-g3,historical,287.50407289873704
855,1947.0,FGOALS-g3,ssp370,
856,1947.0,UKESM1-0-LL,historical,286.7483510524845
857,1947.0,UKESM1-0-LL,ssp370,
858,1947.0,CanESM5,historical,286.72191238121667
859,1947.0,CanESM5,ssp370,
860,1947.0,ACCESS-CM2,historical,287.3342189911483
861,1947.0,ACCESS-CM2,ssp370,
862,1947.0,EC-Earth3,historical,286.63254663689696
863,1947.0,EC-Earth3,ssp370,
864,1948.0,CESM2,historical,287.0749148453952
865,1948.0,CESM2,ssp370,
866,1948.0,MPI-ESM1-2-LR,historical,287.01297224700147
867,1948.0,MPI-ESM1-2-LR,ssp370,
868,1948.0,CNRM-ESM2-1,historical,286.7550903517271
869,1948.0,CNRM-ESM2-1,ssp370,
870,1948.0,EC-Earth3-Veg,historical,287.3278399213245
871,1948.0,EC-Earth3-Veg,ssp370,
872,1948.0,FGOALS-g3,historical,287.4934220573817
873,1948.0,FGOALS-g3,ssp370,
874,1948.0,UKESM1-0-LL,historical,286.7861987428276
875,1948.0,UKESM1-0-LL,ssp370,
876,1948.0,CanESM5,historical,286.9627053111305
877,1948.0,CanESM5,ssp370,
878,1948.0,ACCESS-CM2,historical,287.2177711707656
879,1948.0,ACCESS-CM2,ssp370,
880,1948.0,EC-Earth3,historical,286.9037534415835
881,1948.0,EC-Earth3,ssp370,
882,1949.0,CESM2,historical,287.2125005427836
883,1949.0,CESM2,ssp370,
884,1949.0,MPI-ESM1-2-LR,historical,286.87343897496663
885,1949.0,MPI-ESM1-2-LR,ssp370,
886,1949.0,CNRM-ESM2-1,historical,286.7235043402396
887,1949.0,CNRM-ESM2-1,ssp370,
888,1949.0,EC-Earth3-Veg,historical,287.40814177726224
889,1949.0,EC-Earth3-Veg,ssp370,
890,1949.0,FGOALS-g3,historical,287.51005390452696
891,1949.0,FGOALS-g3,ssp370,
892,1949.0,UKESM1-0-LL,historical,286.67041675186994
893,1949.0,UKESM1-0-LL,ssp370,
894,1949.0,CanESM5,historical,286.9302373977253
895,1949.0,CanESM5,ssp370,
896,1949.0,ACCESS-CM2,historical,287.34438076881077
897,1949.0,ACCESS-CM2,ssp370,
898,1949.0,EC-Earth3,historical,286.8246611604
899,1949.0,EC-Earth3,ssp370,
900,1950.0,CESM2,historical,287.12567946970404
901,1950.0,CESM2,ssp370,
902,1950.0,MPI-ESM1-2-LR,historical,286.9892691717523
903,1950.0,MPI-ESM1-2-LR,ssp370,
904,1950.0,CNRM-ESM2-1,historical,286.7586009334428
905,1950.0,CNRM-ESM2-1,ssp370,
906,1950.0,EC-Earth3-Veg,historical,287.3456218231067
907,1950.0,EC-Earth3-Veg,ssp370,
908,1950.0,FGOALS-g3,historical,287.66065472667987
909,1950.0,FGOALS-g3,ssp370,
910,1950.0,UKESM1-0-LL,historical,286.6232272868911
911,1950.0,UKESM1-0-LL,ssp370,
912,1950.0,CanESM5,historical,286.9702577348183
913,1950.0,CanESM5,ssp370,
914,1950.0,ACCESS-CM2,historical,287.40030104602243
915,1950.0,ACCESS-CM2,ssp370,
916,1950.0,EC-Earth3,historical,286.863026078317
917,1950.0,EC-Earth3,ssp370,
918,1951.0,CESM2,historical,287.1972181945159
919,1951.0,CESM2,ssp370,
920,1951.0,MPI-ESM1-2-LR,historical,287.08433892992326
921,1951.0,MPI-ESM1-2-LR,ssp370,
922,1951.0,CNRM-ESM2-1,historical,286.6760521524042
923,1951.0,CNRM-ESM2-1,ssp370,
924,1951.0,EC-Earth3-Veg,historical,287.14592541821304
925,1951.0,EC-Earth3-Veg,ssp370,
926,1951.0,FGOALS-g3,historical,287.5222940332949
927,1951.0,FGOALS-g3,ssp370,
928,1951.0,UKESM1-0-LL,historical,286.63427703291467
929,1951.0,UKESM1-0-LL,ssp370,
930,1951.0,CanESM5,historical,286.78356630487866
931,1951.0,CanESM5,ssp370,
932,1951.0,ACCESS-CM2,historical,287.38439321315803
933,1951.0,ACCESS-CM2,ssp370,
934,1951.0,EC-Earth3,historical,286.87406836235965
935,1951.0,EC-Earth3,ssp370,
936,1952.0,CESM2,historical,287.31581355914653
937,1952.0,CESM2,ssp370,
938,1952.0,MPI-ESM1-2-LR,historical,286.88376468201074
939,1952.0,MPI-ESM1-2-LR,ssp370,
940,1952.0,CNRM-ESM2-1,historical,286.62790614645843
941,1952.0,CNRM-ESM2-1,ssp370,
942,1952.0,EC-Earth3-Veg,historical,287.3199045981773
943,1952.0,EC-Earth3-Veg,ssp370,
944,1952.0,FGOALS-g3,historical,287.42684127682884
945,1952.0,FGOALS-g3,ssp370,
946,1952.0,UKESM1-0-LL,historical,286.66412865355886
947,1952.0,UKESM1-0-LL,ssp370,
948,1952.0,CanESM5,historical,286.77467756217743
949,1952.0,CanESM5,ssp370,
950,1952.0,ACCESS-CM2,historical,287.165490181005
951,1952.0,ACCESS-CM2,ssp370,
952,1952.0,EC-Earth3,historical,286.87626398838705
953,1952.0,EC-Earth3,ssp370,
954,1953.0,CESM2,historical,287.2586258162007
955,1953.0,CESM2,ssp370,
956,1953.0,MPI-ESM1-2-LR,historical,286.9634913169114
957,1953.0,MPI-ESM1-2-LR,ssp370,
958,1953.0,CNRM-ESM2-1,historical,286.7728014935878
959,1953.0,CNRM-ESM2-1,ssp370,
960,1953.0,EC-Earth3-Veg,historical,287.2349865353781
961,1953.0,EC-Earth3-Veg,ssp370,
962,1953.0,FGOALS-g3,historical,287.43756706169484
963,1953.0,FGOALS-g3,ssp370,
964,1953.0,UKESM1-0-LL,historical,286.575526837434
965,1953.0,UKESM1-0-LL,ssp370,
966,1953.0,CanESM5,historical,286.8311647839025
967,1953.0,CanESM5,ssp370,
968,1953.0,ACCESS-CM2,historical,287.18328158996127
969,1953.0,ACCESS-CM2,ssp370,
970,1953.0,EC-Earth3,historical,287.21652993123195
971,1953.0,EC-Earth3,ssp370,
972,1954.0,CESM2,historical,287.38522259540747
973,1954.0,CESM2,ssp370,
974,1954.0,MPI-ESM1-2-LR,historical,287.0614044558302
975,1954.0,MPI-ESM1-2-LR,ssp370,
976,1954.0,CNRM-ESM2-1,historical,286.7749076331699
977,1954.0,CNRM-ESM2-1,ssp370,
978,1954.0,EC-Earth3-Veg,historical,287.20090846988177
979,1954.0,EC-Earth3-Veg,ssp370,
980,1954.0,FGOALS-g3,historical,287.5721263540525
981,1954.0,FGOALS-g3,ssp370,
982,1954.0,UKESM1-0-LL,historical,286.64025254817005
983,1954.0,UKESM1-0-LL,ssp370,
984,1954.0,CanESM5,historical,286.80796456609716
985,1954.0,CanESM5,ssp370,
986,1954.0,ACCESS-CM2,historical,287.2816674802779
987,1954.0,ACCESS-CM2,ssp370,
988,1954.0,EC-Earth3,historical,287.19789994105906
989,1954.0,EC-Earth3,ssp370,
990,1955.0,CESM2,historical,287.341366688613
991,1955.0,CESM2,ssp370,
992,1955.0,MPI-ESM1-2-LR,historical,286.98059395355557
993,1955.0,MPI-ESM1-2-LR,ssp370,
994,1955.0,CNRM-ESM2-1,historical,286.8799587596068
995,1955.0,CNRM-ESM2-1,ssp370,
996,1955.0,EC-Earth3-Veg,historical,287.21733938725896
997,1955.0,EC-Earth3-Veg,ssp370,
998,1955.0,FGOALS-g3,historical,287.4585658683997
999,1955.0,FGOALS-g3,ssp370,
1000,1955.0,UKESM1-0-LL,historical,286.57379240503064
1001,1955.0,UKESM1-0-LL,ssp370,
1002,1955.0,CanESM5,historical,286.64840840751776
1003,1955.0,CanESM5,ssp370,
1004,1955.0,ACCESS-CM2,historical,287.06347156454075
1005,1955.0,ACCESS-CM2,ssp370,
1006,1955.0,EC-Earth3,historical,286.9106994846442
1007,1955.0,EC-Earth3,ssp370,
1008,1956.0,CESM2,historical,287.1861609231632
1009,1956.0,CESM2,ssp370,
1010,1956.0,MPI-ESM1-2-LR,historical,286.9758933421557
1011,1956.0,MPI-ESM1-2-LR,ssp370,
1012,1956.0,CNRM-ESM2-1,historical,286.64714709917996
1013,1956.0,CNRM-ESM2-1,ssp370,
1014,1956.0,EC-Earth3-Veg,historical,287.08481683846475
1015,1956.0,EC-Earth3-Veg,ssp370,
1016,1956.0,FGOALS-g3,historical,287.636721027078
1017,1956.0,FGOALS-g3,ssp370,
1018,1956.0,UKESM1-0-LL,historical,286.55077066309315
1019,1956.0,UKESM1-0-LL,ssp370,
1020,1956.0,CanESM5,historical,286.562523278716
1021,1956.0,CanESM5,ssp370,
1022,1956.0,ACCESS-CM2,historical,287.26080001981467
1023,1956.0,ACCESS-CM2,ssp370,
1024,1956.0,EC-Earth3,historical,286.97355010173595
1025,1956.0,EC-Earth3,ssp370,
1026,1957.0,CESM2,historical,287.2212999036206
1027,1957.0,CESM2,ssp370,
1028,1957.0,MPI-ESM1-2-LR,historical,286.8308592253682
1029,1957.0,MPI-ESM1-2-LR,ssp370,
1030,1957.0,CNRM-ESM2-1,historical,286.86482761673864
1031,1957.0,CNRM-ESM2-1,ssp370,
1032,1957.0,EC-Earth3-Veg,historical,287.20157337175107
1033,1957.0,EC-Earth3-Veg,ssp370,
1034,1957.0,FGOALS-g3,historical,287.57576722311336
1035,1957.0,FGOALS-g3,ssp370,
1036,1957.0,UKESM1-0-LL,historical,286.71206607000295
1037,1957.0,UKESM1-0-LL,ssp370,
1038,1957.0,CanESM5,historical,286.7743959460257
1039,1957.0,CanESM5,ssp370,
1040,1957.0,ACCESS-CM2,historical,287.1318739740926
1041,1957.0,ACCESS-CM2,ssp370,
1042,1957.0,EC-Earth3,historical,287.23203022305637
1043,1957.0,EC-Earth3,ssp370,
1044,1958.0,CESM2,historical,287.3056802278933
1045,1958.0,CESM2,ssp370,
1046,1958.0,MPI-ESM1-2-LR,historical,286.93735569656025
1047,1958.0,MPI-ESM1-2-LR,ssp370,
1048,1958.0,CNRM-ESM2-1,historical,286.9160487141798
1049,1958.0,CNRM-ESM2-1,ssp370,
1050,1958.0,EC-Earth3-Veg,historical,287.3149334259359
1051,1958.0,EC-Earth3-Veg,ssp370,
1052,1958.0,FGOALS-g3,historical,287.5489613473778
1053,1958.0,FGOALS-g3,ssp370,
1054,1958.0,UKESM1-0-LL,historical,286.6235783151434
1055,1958.0,UKESM1-0-LL,ssp370,
1056,1958.0,CanESM5,historical,286.7996606653997
1057,1958.0,CanESM5,ssp370,
1058,1958.0,ACCESS-CM2,historical,287.19627733557496
1059,1958.0,ACCESS-CM2,ssp370,
1060,1958.0,EC-Earth3,historical,287.15366004813586
1061,1958.0,EC-Earth3,ssp370,
1062,1959.0,CESM2,historical,287.48975677061276
1063,1959.0,CESM2,ssp370,
1064,1959.0,MPI-ESM1-2-LR,historical,286.99101874277306
1065,1959.0,MPI-ESM1-2-LR,ssp370,
1066,1959.0,CNRM-ESM2-1,historical,286.7841210414482
1067,1959.0,CNRM-ESM2-1,ssp370,
1068,1959.0,EC-Earth3-Veg,historical,287.22362479434076
1069,1959.0,EC-Earth3-Veg,ssp370,
1070,1959.0,FGOALS-g3,historical,287.69369212069523
1071,1959.0,FGOALS-g3,ssp370,
1072,1959.0,UKESM1-0-LL,historical,286.582929333821
1073,1959.0,UKESM1-0-LL,ssp370,
1074,1959.0,CanESM5,historical,286.8444623194958
1075,1959.0,CanESM5,ssp370,
1076,1959.0,ACCESS-CM2,historical,287.1906273215009
1077,1959.0,ACCESS-CM2,ssp370,
1078,1959.0,EC-Earth3,historical,287.2401281338087
1079,1959.0,EC-Earth3,ssp370,
1080,1960.0,CESM2,historical,287.3252003846823
1081,1960.0,CESM2,ssp370,
1082,1960.0,MPI-ESM1-2-LR,historical,287.10653749728493
1083,1960.0,MPI-ESM1-2-LR,ssp370,
1084,1960.0,CNRM-ESM2-1,historical,286.8710074485255
1085,1960.0,CNRM-ESM2-1,ssp370,
1086,1960.0,EC-Earth3-Veg,historical,287.2933468737817
1087,1960.0,EC-Earth3-Veg,ssp370,
1088,1960.0,FGOALS-g3,historical,287.583209074347
1089,1960.0,FGOALS-g3,ssp370,
1090,1960.0,UKESM1-0-LL,historical,286.60653801242626
1091,1960.0,UKESM1-0-LL,ssp370,
1092,1960.0,CanESM5,historical,286.726175067605
1093,1960.0,CanESM5,ssp370,
1094,1960.0,ACCESS-CM2,historical,287.30988133859506
1095,1960.0,ACCESS-CM2,ssp370,
1096,1960.0,EC-Earth3,historical,287.2035150153992
1097,1960.0,EC-Earth3,ssp370,
1098,1961.0,CESM2,historical,287.50018742560354
1099,1961.0,CESM2,ssp370,
1100,1961.0,MPI-ESM1-2-LR,historical,287.01648747282024
1101,1961.0,MPI-ESM1-2-LR,ssp370,
1102,1961.0,CNRM-ESM2-1,historical,286.94804029831016
1103,1961.0,CNRM-ESM2-1,ssp370,
1104,1961.0,EC-Earth3-Veg,historical,287.22631840671147
1105,1961.0,EC-Earth3-Veg,ssp370,
1106,1961.0,FGOALS-g3,historical,287.55877983437216
1107,1961.0,FGOALS-g3,ssp370,
1108,1961.0,UKESM1-0-LL,historical,286.52695487789885
1109,1961.0,UKESM1-0-LL,ssp370,
1110,1961.0,CanESM5,historical,286.8135028045471
1111,1961.0,CanESM5,ssp370,
1112,1961.0,ACCESS-CM2,historical,287.31943278787236
1113,1961.0,ACCESS-CM2,ssp370,
1114,1961.0,EC-Earth3,historical,287.13802265675355
1115,1961.0,EC-Earth3,ssp370,
1116,1962.0,CESM2,historical,287.4540053362071
1117,1962.0,CESM2,ssp370,
1118,1962.0,MPI-ESM1-2-LR,historical,286.86352998686044
1119,1962.0,MPI-ESM1-2-LR,ssp370,
1120,1962.0,CNRM-ESM2-1,historical,286.90200398894535
1121,1962.0,CNRM-ESM2-1,ssp370,
1122,1962.0,EC-Earth3-Veg,historical,287.1074059398729
1123,1962.0,EC-Earth3-Veg,ssp370,
1124,1962.0,FGOALS-g3,historical,287.5860237659033
1125,1962.0,FGOALS-g3,ssp370,
1126,1962.0,UKESM1-0-LL,historical,286.5294864183723
1127,1962.0,UKESM1-0-LL,ssp370,
1128,1962.0,CanESM5,historical,286.86977886987086
1129,1962.0,CanESM5,ssp370,
1130,1962.0,ACCESS-CM2,historical,287.1465486611413
1131,1962.0,ACCESS-CM2,ssp370,
1132,1962.0,EC-Earth3,historical,286.9135541811376
1133,1962.0,EC-Earth3,ssp370,
1134,1963.0,CESM2,historical,287.4126576584505
1135,1963.0,CESM2,ssp370,
1136,1963.0,MPI-ESM1-2-LR,historical,286.6953458179543
1137,1963.0,MPI-ESM1-2-LR,ssp370,
1138,1963.0,CNRM-ESM2-1,historical,286.72455897659734
1139,1963.0,CNRM-ESM2-1,ssp370,
1140,1963.0,EC-Earth3-Veg,historical,287.0443455716846
1141,1963.0,EC-Earth3-Veg,ssp370,
1142,1963.0,FGOALS-g3,historical,287.43797704664064
1143,1963.0,FGOALS-g3,ssp370,
1144,1963.0,UKESM1-0-LL,historical,286.45352052889297
1145,1963.0,UKESM1-0-LL,ssp370,
1146,1963.0,CanESM5,historical,286.6479774014174
1147,1963.0,CanESM5,ssp370,
1148,1963.0,ACCESS-CM2,historical,287.1289582977309
1149,1963.0,ACCESS-CM2,ssp370,
1150,1963.0,EC-Earth3,historical,286.87166799698383
1151,1963.0,EC-Earth3,ssp370,
1152,1964.0,CESM2,historical,287.26818740362273
1153,1964.0,CESM2,ssp370,
1154,1964.0,MPI-ESM1-2-LR,historical,286.6538068793063
1155,1964.0,MPI-ESM1-2-LR,ssp370,
1156,1964.0,CNRM-ESM2-1,historical,286.7634535714156
1157,1964.0,CNRM-ESM2-1,ssp370,
1158,1964.0,EC-Earth3-Veg,historical,287.00168982567476
1159,1964.0,EC-Earth3-Veg,ssp370,
1160,1964.0,FGOALS-g3,historical,287.30089775033804
1161,1964.0,FGOALS-g3,ssp370,
1162,1964.0,UKESM1-0-LL,historical,286.3664132364571
1163,1964.0,UKESM1-0-LL,ssp370,
1164,1964.0,CanESM5,historical,286.61371432015136
1165,1964.0,CanESM5,ssp370,
1166,1964.0,ACCESS-CM2,historical,287.07508969330377
1167,1964.0,ACCESS-CM2,ssp370,
1168,1964.0,EC-Earth3,historical,286.9242763982372
1169,1964.0,EC-Earth3,ssp370,
1170,1965.0,CESM2,historical,287.2413812980892
1171,1965.0,CESM2,ssp370,
1172,1965.0,MPI-ESM1-2-LR,historical,286.7527991847014
1173,1965.0,MPI-ESM1-2-LR,ssp370,
1174,1965.0,CNRM-ESM2-1,historical,286.6734477609998
1175,1965.0,CNRM-ESM2-1,ssp370,
1176,1965.0,EC-Earth3-Veg,historical,287.01087199270825
1177,1965.0,EC-Earth3-Veg,ssp370,
1178,1965.0,FGOALS-g3,historical,287.41395608265873
1179,1965.0,FGOALS-g3,ssp370,
1180,1965.0,UKESM1-0-LL,historical,286.32380873827304
1181,1965.0,UKESM1-0-LL,ssp370,
1182,1965.0,CanESM5,historical,286.762405696606
1183,1965.0,CanESM5,ssp370,
1184,1965.0,ACCESS-CM2,historical,287.03727006465414
1185,1965.0,ACCESS-CM2,ssp370,
1186,1965.0,EC-Earth3,historical,286.88127961986
1187,1965.0,EC-Earth3,ssp370,
1188,1966.0,CESM2,historical,287.1504263864861
1189,1966.0,CESM2,ssp370,
1190,1966.0,MPI-ESM1-2-LR,historical,286.82333910382823
1191,1966.0,MPI-ESM1-2-LR,ssp370,
1192,1966.0,CNRM-ESM2-1,historical,286.9300087991515
1193,1966.0,CNRM-ESM2-1,ssp370,
1194,1966.0,EC-Earth3-Veg,historical,287.1305912598696
1195,1966.0,EC-Earth3-Veg,ssp370,
1196,1966.0,FGOALS-g3,historical,287.4548787577236
1197,1966.0,FGOALS-g3,ssp370,
1198,1966.0,UKESM1-0-LL,historical,286.39048053298393
1199,1966.0,UKESM1-0-LL,ssp370,
1200,1966.0,CanESM5,historical,286.70729287945454
1201,1966.0,CanESM5,ssp370,
1202,1966.0,ACCESS-CM2,historical,287.2559229863079
1203,1966.0,ACCESS-CM2,ssp370,
1204,1966.0,EC-Earth3,historical,287.0821845412201
1205,1966.0,EC-Earth3,ssp370,
1206,1967.0,CESM2,historical,287.13611543092935
1207,1967.0,CESM2,ssp370,
1208,1967.0,MPI-ESM1-2-LR,historical,286.9061023527818
1209,1967.0,MPI-ESM1-2-LR,ssp370,
1210,1967.0,CNRM-ESM2-1,historical,287.0991230197683
1211,1967.0,CNRM-ESM2-1,ssp370,
1212,1967.0,EC-Earth3-Veg,historical,286.9056900343839
1213,1967.0,EC-Earth3-Veg,ssp370,
1214,1967.0,FGOALS-g3,historical,287.3062863056728
1215,1967.0,FGOALS-g3,ssp370,
1216,1967.0,UKESM1-0-LL,historical,286.25484815742163
1217,1967.0,UKESM1-0-LL,ssp370,
1218,1967.0,CanESM5,historical,286.6876299087334
1219,1967.0,CanESM5,ssp370,
1220,1967.0,ACCESS-CM2,historical,287.1926391310685
1221,1967.0,ACCESS-CM2,ssp370,
1222,1967.0,EC-Earth3,historical,286.84716643422075
1223,1967.0,EC-Earth3,ssp370,
1224,1968.0,CESM2,historical,287.2235420438453
1225,1968.0,CESM2,ssp370,
1226,1968.0,MPI-ESM1-2-LR,historical,287.028433276789
1227,1968.0,MPI-ESM1-2-LR,ssp370,
1228,1968.0,CNRM-ESM2-1,historical,286.81150224614305
1229,1968.0,CNRM-ESM2-1,ssp370,
1230,1968.0,EC-Earth3-Veg,historical,286.97054024026085
1231,1968.0,EC-Earth3-Veg,ssp370,
1232,1968.0,FGOALS-g3,historical,287.3906302986131
1233,1968.0,FGOALS-g3,ssp370,
1234,1968.0,UKESM1-0-LL,historical,286.4149191143765
1235,1968.0,UKESM1-0-LL,ssp370,
1236,1968.0,CanESM5,historical,286.7507673652454
1237,1968.0,CanESM5,ssp370,
1238,1968.0,ACCESS-CM2,historical,287.43648821643194
1239,1968.0,ACCESS-CM2,ssp370,
1240,1968.0,EC-Earth3,historical,286.76869739351645
1241,1968.0,EC-Earth3,ssp370,
1242,1969.0,CESM2,historical,287.2987248331693
1243,1969.0,CESM2,ssp370,
1244,1969.0,MPI-ESM1-2-LR,historical,287.0871840958792
1245,1969.0,MPI-ESM1-2-LR,ssp370,
1246,1969.0,CNRM-ESM2-1,historical,287.02527359046024
1247,1969.0,CNRM-ESM2-1,ssp370,
1248,1969.0,EC-Earth3-Veg,historical,287.1891086781422
1249,1969.0,EC-Earth3-Veg,ssp370,
1250,1969.0,FGOALS-g3,historical,287.46202535266804
1251,1969.0,FGOALS-g3,ssp370,
1252,1969.0,UKESM1-0-LL,historical,286.3632213759898
1253,1969.0,UKESM1-0-LL,ssp370,
1254,1969.0,CanESM5,historical,286.68891080492295
1255,1969.0,CanESM5,ssp370,
1256,1969.0,ACCESS-CM2,historical,287.2201620645683
1257,1969.0,ACCESS-CM2,ssp370,
1258,1969.0,EC-Earth3,historical,286.815037367364
1259,1969.0,EC-Earth3,ssp370,
1260,1970.0,CESM2,historical,287.46559745087006
1261,1970.0,CESM2,ssp370,
1262,1970.0,MPI-ESM1-2-LR,historical,286.98908132186153
1263,1970.0,MPI-ESM1-2-LR,ssp370,
1264,1970.0,CNRM-ESM2-1,historical,286.8266003938981
1265,1970.0,CNRM-ESM2-1,ssp370,
1266,1970.0,EC-Earth3-Veg,historical,287.2879268086169
1267,1970.0,EC-Earth3-Veg,ssp370,
1268,1970.0,FGOALS-g3,historical,287.3725950622133
1269,1970.0,FGOALS-g3,ssp370,
1270,1970.0,UKESM1-0-LL,historical,286.29254911754964
1271,1970.0,UKESM1-0-LL,ssp370,
1272,1970.0,CanESM5,historical,286.80580946299716
1273,1970.0,CanESM5,ssp370,
1274,1970.0,ACCESS-CM2,historical,287.1813493870896
1275,1970.0,ACCESS-CM2,ssp370,
1276,1970.0,EC-Earth3,historical,286.9286457891725
1277,1970.0,EC-Earth3,ssp370,
1278,1971.0,CESM2,historical,287.34781922214836
1279,1971.0,CESM2,ssp370,
1280,1971.0,MPI-ESM1-2-LR,historical,286.92162513229846
1281,1971.0,MPI-ESM1-2-LR,ssp370,
1282,1971.0,CNRM-ESM2-1,historical,286.98317442962934
1283,1971.0,CNRM-ESM2-1,ssp370,
1284,1971.0,EC-Earth3-Veg,historical,287.33102738238523
1285,1971.0,EC-Earth3-Veg,ssp370,
1286,1971.0,FGOALS-g3,historical,287.46093854113195
1287,1971.0,FGOALS-g3,ssp370,
1288,1971.0,UKESM1-0-LL,historical,286.32098311213934
1289,1971.0,UKESM1-0-LL,ssp370,
1290,1971.0,CanESM5,historical,286.83263450735654
1291,1971.0,CanESM5,ssp370,
1292,1971.0,ACCESS-CM2,historical,287.1513300343807
1293,1971.0,ACCESS-CM2,ssp370,
1294,1971.0,EC-Earth3,historical,286.85269052311236
1295,1971.0,EC-Earth3,ssp370,
1296,1972.0,CESM2,historical,287.38970572177095
1297,1972.0,CESM2,ssp370,
1298,1972.0,MPI-ESM1-2-LR,historical,286.8913675780028
1299,1972.0,MPI-ESM1-2-LR,ssp370,
1300,1972.0,CNRM-ESM2-1,historical,286.8646149853881
1301,1972.0,CNRM-ESM2-1,ssp370,
1302,1972.0,EC-Earth3-Veg,historical,287.36161562301976
1303,1972.0,EC-Earth3-Veg,ssp370,
1304,1972.0,FGOALS-g3,historical,287.56354779918377
1305,1972.0,FGOALS-g3,ssp370,
1306,1972.0,UKESM1-0-LL,historical,286.2368186978737
1307,1972.0,UKESM1-0-LL,ssp370,
1308,1972.0,CanESM5,historical,286.7991721296076
1309,1972.0,CanESM5,ssp370,
1310,1972.0,ACCESS-CM2,historical,287.1270532957249
1311,1972.0,ACCESS-CM2,ssp370,
1312,1972.0,EC-Earth3,historical,286.76992078510915
1313,1972.0,EC-Earth3,ssp370,
1314,1973.0,CESM2,historical,287.48441568945185
1315,1973.0,CESM2,ssp370,
1316,1973.0,MPI-ESM1-2-LR,historical,286.99556423140837
1317,1973.0,MPI-ESM1-2-LR,ssp370,
1318,1973.0,CNRM-ESM2-1,historical,286.9901629777217
1319,1973.0,CNRM-ESM2-1,ssp370,
1320,1973.0,EC-Earth3-Veg,historical,287.43362118025834
1321,1973.0,EC-Earth3-Veg,ssp370,
1322,1973.0,FGOALS-g3,historical,287.56680324836094
1323,1973.0,FGOALS-g3,ssp370,
1324,1973.0,UKESM1-0-LL,historical,286.21687743993795
1325,1973.0,UKESM1-0-LL,ssp370,
1326,1973.0,CanESM5,historical,286.8502310962747
1327,1973.0,CanESM5,ssp370,
1328,1973.0,ACCESS-CM2,historical,287.27972605003566
1329,1973.0,ACCESS-CM2,ssp370,
1330,1973.0,EC-Earth3,historical,286.9851832042821
1331,1973.0,EC-Earth3,ssp370,
1332,1974.0,CESM2,historical,287.4802230257566
1333,1974.0,CESM2,ssp370,
1334,1974.0,MPI-ESM1-2-LR,historical,287.1922578934894
1335,1974.0,MPI-ESM1-2-LR,ssp370,
1336,1974.0,CNRM-ESM2-1,historical,286.9156733010178
1337,1974.0,CNRM-ESM2-1,ssp370,
1338,1974.0,EC-Earth3-Veg,historical,287.4260979446469
1339,1974.0,EC-Earth3-Veg,ssp370,
1340,1974.0,FGOALS-g3,historical,287.5814609871409
1341,1974.0,FGOALS-g3,ssp370,
1342,1974.0,UKESM1-0-LL,historical,286.3231148390267
1343,1974.0,UKESM1-0-LL,ssp370,
1344,1974.0,CanESM5,historical,287.09329154628756
1345,1974.0,CanESM5,ssp370,
1346,1974.0,ACCESS-CM2,historical,287.2501271031577
1347,1974.0,ACCESS-CM2,ssp370,
1348,1974.0,EC-Earth3,historical,287.17133966204045
1349,1974.0,EC-Earth3,ssp370,
1350,1975.0,CESM2,historical,287.23745186119237
1351,1975.0,CESM2,ssp370,
1352,1975.0,MPI-ESM1-2-LR,historical,286.98244046784515
1353,1975.0,MPI-ESM1-2-LR,ssp370,
1354,1975.0,CNRM-ESM2-1,historical,286.7815900384158
1355,1975.0,CNRM-ESM2-1,ssp370,
1356,1975.0,EC-Earth3-Veg,historical,287.31739060833763
1357,1975.0,EC-Earth3-Veg,ssp370,
1358,1975.0,FGOALS-g3,historical,287.36714982660993
1359,1975.0,FGOALS-g3,ssp370,
1360,1975.0,UKESM1-0-LL,historical,286.1218555748886
1361,1975.0,UKESM1-0-LL,ssp370,
1362,1975.0,CanESM5,historical,287.04682275909175
1363,1975.0,CanESM5,ssp370,
1364,1975.0,ACCESS-CM2,historical,286.9062562604502
1365,1975.0,ACCESS-CM2,ssp370,
1366,1975.0,EC-Earth3,historical,287.1353856605552
1367,1975.0,EC-Earth3,ssp370,
1368,1976.0,CESM2,historical,287.38139124726166
1369,1976.0,CESM2,ssp370,
1370,1976.0,MPI-ESM1-2-LR,historical,286.9333456556877
1371,1976.0,MPI-ESM1-2-LR,ssp370,
1372,1976.0,CNRM-ESM2-1,historical,286.827622987454
1373,1976.0,CNRM-ESM2-1,ssp370,
1374,1976.0,EC-Earth3-Veg,historical,287.4611604366558
1375,1976.0,EC-Earth3-Veg,ssp370,
1376,1976.0,FGOALS-g3,historical,287.5558731774386
1377,1976.0,FGOALS-g3,ssp370,
1378,1976.0,UKESM1-0-LL,historical,286.22381065368853
1379,1976.0,UKESM1-0-LL,ssp370,
1380,1976.0,CanESM5,historical,286.8650411423449
1381,1976.0,CanESM5,ssp370,
1382,1976.0,ACCESS-CM2,historical,287.0060080936274
1383,1976.0,ACCESS-CM2,ssp370,
1384,1976.0,EC-Earth3,historical,287.0964438693188
1385,1976.0,EC-Earth3,ssp370,
1386,1977.0,CESM2,historical,287.43204538893315
1387,1977.0,CESM2,ssp370,
1388,1977.0,MPI-ESM1-2-LR,historical,287.26629440086714
1389,1977.0,MPI-ESM1-2-LR,ssp370,
1390,1977.0,CNRM-ESM2-1,historical,286.85022175769564
1391,1977.0,CNRM-ESM2-1,ssp370,
1392,1977.0,EC-Earth3-Veg,historical,287.5460755699008
1393,1977.0,EC-Earth3-Veg,ssp370,
1394,1977.0,FGOALS-g3,historical,287.497421648448
1395,1977.0,FGOALS-g3,ssp370,
1396,1977.0,UKESM1-0-LL,historical,286.4490305903691
1397,1977.0,UKESM1-0-LL,ssp370,
1398,1977.0,CanESM5,historical,286.86216079210425
1399,1977.0,CanESM5,ssp370,
1400,1977.0,ACCESS-CM2,historical,287.0961767216378
1401,1977.0,ACCESS-CM2,ssp370,
1402,1977.0,EC-Earth3,historical,287.2564671558196
1403,1977.0,EC-Earth3,ssp370,
1404,1978.0,CESM2,historical,287.3683406374269
1405,1978.0,CESM2,ssp370,
1406,1978.0,MPI-ESM1-2-LR,historical,287.17121214297043
1407,1978.0,MPI-ESM1-2-LR,ssp370,
1408,1978.0,CNRM-ESM2-1,historical,286.93216137384997
1409,1978.0,CNRM-ESM2-1,ssp370,
1410,1978.0,EC-Earth3-Veg,historical,287.41362338818846
1411,1978.0,EC-Earth3-Veg,ssp370,
1412,1978.0,FGOALS-g3,historical,287.4429427133735
1413,1978.0,FGOALS-g3,ssp370,
1414,1978.0,UKESM1-0-LL,historical,286.4754345456383
1415,1978.0,UKESM1-0-LL,ssp370,
1416,1978.0,CanESM5,historical,286.9832233192023
1417,1978.0,CanESM5,ssp370,
1418,1978.0,ACCESS-CM2,historical,287.15340964933137
1419,1978.0,ACCESS-CM2,ssp370,
1420,1978.0,EC-Earth3,historical,287.14540415842436
1421,1978.0,EC-Earth3,ssp370,
1422,1979.0,CESM2,historical,287.33471081942787
1423,1979.0,CESM2,ssp370,
1424,1979.0,MPI-ESM1-2-LR,historical,287.1704690833155
1425,1979.0,MPI-ESM1-2-LR,ssp370,
1426,1979.0,CNRM-ESM2-1,historical,286.99321782478904
1427,1979.0,CNRM-ESM2-1,ssp370,
1428,1979.0,EC-Earth3-Veg,historical,287.41879806446894
1429,1979.0,EC-Earth3-Veg,ssp370,
1430,1979.0,FGOALS-g3,historical,287.4399033501582
1431,1979.0,FGOALS-g3,ssp370,
1432,1979.0,UKESM1-0-LL,historical,286.6501451008871
1433,1979.0,UKESM1-0-LL,ssp370,
1434,1979.0,CanESM5,historical,286.92596729916045
1435,1979.0,CanESM5,ssp370,
1436,1979.0,ACCESS-CM2,historical,287.16444238690434
1437,1979.0,ACCESS-CM2,ssp370,
1438,1979.0,EC-Earth3,historical,287.0890287098277
1439,1979.0,EC-Earth3,ssp370,
1440,1980.0,CESM2,historical,287.3924515731364
1441,1980.0,CESM2,ssp370,
1442,1980.0,MPI-ESM1-2-LR,historical,287.1436245756218
1443,1980.0,MPI-ESM1-2-LR,ssp370,
1444,1980.0,CNRM-ESM2-1,historical,286.998360420177
1445,1980.0,CNRM-ESM2-1,ssp370,
1446,1980.0,EC-Earth3-Veg,historical,287.59104095850967
1447,1980.0,EC-Earth3-Veg,ssp370,
1448,1980.0,FGOALS-g3,historical,287.7063662969544
1449,1980.0,FGOALS-g3,ssp370,
1450,1980.0,UKESM1-0-LL,historical,286.6796241516437
1451,1980.0,UKESM1-0-LL,ssp370,
1452,1980.0,CanESM5,historical,286.96443406450203
1453,1980.0,CanESM5,ssp370,
1454,1980.0,ACCESS-CM2,historical,287.0422035269864
1455,1980.0,ACCESS-CM2,ssp370,
1456,1980.0,EC-Earth3,historical,287.09773970605215
1457,1980.0,EC-Earth3,ssp370,
1458,1981.0,CESM2,historical,287.2500157127144
1459,1981.0,CESM2,ssp370,
1460,1981.0,MPI-ESM1-2-LR,historical,287.1862320249557
1461,1981.0,MPI-ESM1-2-LR,ssp370,
1462,1981.0,CNRM-ESM2-1,historical,287.00852674405394
1463,1981.0,CNRM-ESM2-1,ssp370,
1464,1981.0,EC-Earth3-Veg,historical,287.76814528331704
1465,1981.0,EC-Earth3-Veg,ssp370,
1466,1981.0,FGOALS-g3,historical,287.64047204540054
1467,1981.0,FGOALS-g3,ssp370,
1468,1981.0,UKESM1-0-LL,historical,286.5956405429087
1469,1981.0,UKESM1-0-LL,ssp370,
1470,1981.0,CanESM5,historical,287.05776671606685
1471,1981.0,CanESM5,ssp370,
1472,1981.0,ACCESS-CM2,historical,287.2539579644353
1473,1981.0,ACCESS-CM2,ssp370,
1474,1981.0,EC-Earth3,historical,287.22730999405036
1475,1981.0,EC-Earth3,ssp370,
1476,1982.0,CESM2,historical,287.2983394398572
1477,1982.0,CESM2,ssp370,
1478,1982.0,MPI-ESM1-2-LR,historical,287.0637058336518
1479,1982.0,MPI-ESM1-2-LR,ssp370,
1480,1982.0,CNRM-ESM2-1,historical,286.91642249773435
1481,1982.0,CNRM-ESM2-1,ssp370,
1482,1982.0,EC-Earth3-Veg,historical,287.4473498054059
1483,1982.0,EC-Earth3-Veg,ssp370,
1484,1982.0,FGOALS-g3,historical,287.5778825921039
1485,1982.0,FGOALS-g3,ssp370,
1486,1982.0,UKESM1-0-LL,historical,286.5733104816447
1487,1982.0,UKESM1-0-LL,ssp370,
1488,1982.0,CanESM5,historical,287.109607594039
1489,1982.0,CanESM5,ssp370,
1490,1982.0,ACCESS-CM2,historical,287.0489653408802
1491,1982.0,ACCESS-CM2,ssp370,
1492,1982.0,EC-Earth3,historical,287.1274241013472
1493,1982.0,EC-Earth3,ssp370,
1494,1983.0,CESM2,historical,287.2665044642013
1495,1983.0,CESM2,ssp370,
1496,1983.0,MPI-ESM1-2-LR,historical,287.20384849691914
1497,1983.0,MPI-ESM1-2-LR,ssp370,
1498,1983.0,CNRM-ESM2-1,historical,286.80014937583707
1499,1983.0,CNRM-ESM2-1,ssp370,
1500,1983.0,EC-Earth3-Veg,historical,287.41146095919254
1501,1983.0,EC-Earth3-Veg,ssp370,
1502,1983.0,FGOALS-g3,historical,287.4481264125828
1503,1983.0,FGOALS-g3,ssp370,
1504,1983.0,UKESM1-0-LL,historical,286.57986726662375
1505,1983.0,UKESM1-0-LL,ssp370,
1506,1983.0,CanESM5,historical,286.96129538193594
1507,1983.0,CanESM5,ssp370,
1508,1983.0,ACCESS-CM2,historical,286.9350672478502
1509,1983.0,ACCESS-CM2,ssp370,
1510,1983.0,EC-Earth3,historical,286.92116534588496
1511,1983.0,EC-Earth3,ssp370,
1512,1984.0,CESM2,historical,287.3136251802976
1513,1984.0,CESM2,ssp370,
1514,1984.0,MPI-ESM1-2-LR,historical,287.1127175355532
1515,1984.0,MPI-ESM1-2-LR,ssp370,
1516,1984.0,CNRM-ESM2-1,historical,286.98864462746747
1517,1984.0,CNRM-ESM2-1,ssp370,
1518,1984.0,EC-Earth3-Veg,historical,287.4814362049147
1519,1984.0,EC-Earth3-Veg,ssp370,
1520,1984.0,FGOALS-g3,historical,287.479698449488
1521,1984.0,FGOALS-g3,ssp370,
1522,1984.0,UKESM1-0-LL,historical,286.54399373743536
1523,1984.0,UKESM1-0-LL,ssp370,
1524,1984.0,CanESM5,historical,287.0540738748553
1525,1984.0,CanESM5,ssp370,
1526,1984.0,ACCESS-CM2,historical,287.2014612299947
1527,1984.0,ACCESS-CM2,ssp370,
1528,1984.0,EC-Earth3,historical,287.0062972497365
1529,1984.0,EC-Earth3,ssp370,
1530,1985.0,CESM2,historical,287.57813596905277
1531,1985.0,CESM2,ssp370,
1532,1985.0,MPI-ESM1-2-LR,historical,286.93827754289913
1533,1985.0,MPI-ESM1-2-LR,ssp370,
1534,1985.0,CNRM-ESM2-1,historical,287.0828761344408
1535,1985.0,CNRM-ESM2-1,ssp370,
1536,1985.0,EC-Earth3-Veg,historical,287.55829697653934
1537,1985.0,EC-Earth3-Veg,ssp370,
1538,1985.0,FGOALS-g3,historical,287.4891951556327
1539,1985.0,FGOALS-g3,ssp370,
1540,1985.0,UKESM1-0-LL,historical,286.51997196028736
1541,1985.0,UKESM1-0-LL,ssp370,
1542,1985.0,CanESM5,historical,287.265557086735
1543,1985.0,CanESM5,ssp370,
1544,1985.0,ACCESS-CM2,historical,287.176672762059
1545,1985.0,ACCESS-CM2,ssp370,
1546,1985.0,EC-Earth3,historical,287.27115338029085
1547,1985.0,EC-Earth3,ssp370,
1548,1986.0,CESM2,historical,287.60841707223085
1549,1986.0,CESM2,ssp370,
1550,1986.0,MPI-ESM1-2-LR,historical,287.0641134650656
1551,1986.0,MPI-ESM1-2-LR,ssp370,
1552,1986.0,CNRM-ESM2-1,historical,287.1990092357357
1553,1986.0,CNRM-ESM2-1,ssp370,
1554,1986.0,EC-Earth3-Veg,historical,287.49242010797593
1555,1986.0,EC-Earth3-Veg,ssp370,
1556,1986.0,FGOALS-g3,historical,287.4319004913691
1557,1986.0,FGOALS-g3,ssp370,
1558,1986.0,UKESM1-0-LL,historical,286.60961397758007
1559,1986.0,UKESM1-0-LL,ssp370,
1560,1986.0,CanESM5,historical,287.0869197336301
1561,1986.0,CanESM5,ssp370,
1562,1986.0,ACCESS-CM2,historical,287.3135401851182
1563,1986.0,ACCESS-CM2,ssp370,
1564,1986.0,EC-Earth3,historical,287.2313918532836
1565,1986.0,EC-Earth3,ssp370,
1566,1987.0,CESM2,historical,287.64053470883687
1567,1987.0,CESM2,ssp370,
1568,1987.0,MPI-ESM1-2-LR,historical,287.07614635513795
1569,1987.0,MPI-ESM1-2-LR,ssp370,
1570,1987.0,CNRM-ESM2-1,historical,287.1402567033538
1571,1987.0,CNRM-ESM2-1,ssp370,
1572,1987.0,EC-Earth3-Veg,historical,287.48434370410763
1573,1987.0,EC-Earth3-Veg,ssp370,
1574,1987.0,FGOALS-g3,historical,287.68678036774793
1575,1987.0,FGOALS-g3,ssp370,
1576,1987.0,UKESM1-0-LL,historical,286.3561428112626
1577,1987.0,UKESM1-0-LL,ssp370,
1578,1987.0,CanESM5,historical,287.15255905929627
1579,1987.0,CanESM5,ssp370,
1580,1987.0,ACCESS-CM2,historical,287.31422732393366
1581,1987.0,ACCESS-CM2,ssp370,
1582,1987.0,EC-Earth3,historical,287.4198835170088
1583,1987.0,EC-Earth3,ssp370,
1584,1988.0,CESM2,historical,287.7039548664077
1585,1988.0,CESM2,ssp370,
1586,1988.0,MPI-ESM1-2-LR,historical,287.17276782075527
1587,1988.0,MPI-ESM1-2-LR,ssp370,
1588,1988.0,CNRM-ESM2-1,historical,287.2176360560549
1589,1988.0,CNRM-ESM2-1,ssp370,
1590,1988.0,EC-Earth3-Veg,historical,287.5236060556285
1591,1988.0,EC-Earth3-Veg,ssp370,
1592,1988.0,FGOALS-g3,historical,287.730232300862
1593,1988.0,FGOALS-g3,ssp370,
1594,1988.0,UKESM1-0-LL,historical,286.33345408786005
1595,1988.0,UKESM1-0-LL,ssp370,
1596,1988.0,CanESM5,historical,287.1952226000762
1597,1988.0,CanESM5,ssp370,
1598,1988.0,ACCESS-CM2,historical,287.476100840889
1599,1988.0,ACCESS-CM2,ssp370,
1600,1988.0,EC-Earth3,historical,287.2606299044881
1601,1988.0,EC-Earth3,ssp370,
1602,1989.0,CESM2,historical,287.725927071286
1603,1989.0,CESM2,ssp370,
1604,1989.0,MPI-ESM1-2-LR,historical,287.42398944842637
1605,1989.0,MPI-ESM1-2-LR,ssp370,
1606,1989.0,CNRM-ESM2-1,historical,287.23972934614704
1607,1989.0,CNRM-ESM2-1,ssp370,
1608,1989.0,EC-Earth3-Veg,historical,287.7014575816018
1609,1989.0,EC-Earth3-Veg,ssp370,
1610,1989.0,FGOALS-g3,historical,287.69621020447113
1611,1989.0,FGOALS-g3,ssp370,
1612,1989.0,UKESM1-0-LL,historical,286.6429674711784
1613,1989.0,UKESM1-0-LL,ssp370,
1614,1989.0,CanESM5,historical,287.5385422487205
1615,1989.0,CanESM5,ssp370,
1616,1989.0,ACCESS-CM2,historical,287.38093967066624
1617,1989.0,ACCESS-CM2,ssp370,
1618,1989.0,EC-Earth3,historical,287.44371386721974
1619,1989.0,EC-Earth3,ssp370,
1620,1990.0,CESM2,historical,287.6132628854192
1621,1990.0,CESM2,ssp370,
1622,1990.0,MPI-ESM1-2-LR,historical,287.58761880435776
1623,1990.0,MPI-ESM1-2-LR,ssp370,
1624,1990.0,CNRM-ESM2-1,historical,287.28033937483934
1625,1990.0,CNRM-ESM2-1,ssp370,
1626,1990.0,EC-Earth3-Veg,historical,287.8542630423618
1627,1990.0,EC-Earth3-Veg,ssp370,
1628,1990.0,FGOALS-g3,historical,287.8301624289709
1629,1990.0,FGOALS-g3,ssp370,
1630,1990.0,UKESM1-0-LL,historical,286.58740651226066
1631,1990.0,UKESM1-0-LL,ssp370,
1632,1990.0,CanESM5,historical,287.4456733802444
1633,1990.0,CanESM5,ssp370,
1634,1990.0,ACCESS-CM2,historical,287.4997005256216
1635,1990.0,ACCESS-CM2,ssp370,
1636,1990.0,EC-Earth3,historical,287.53833639347664
1637,1990.0,EC-Earth3,ssp370,
1638,1991.0,CESM2,historical,287.6042727244092
1639,1991.0,CESM2,ssp370,
1640,1991.0,MPI-ESM1-2-LR,historical,287.3754188134581
1641,1991.0,MPI-ESM1-2-LR,ssp370,
1642,1991.0,CNRM-ESM2-1,historical,287.2266927261786
1643,1991.0,CNRM-ESM2-1,ssp370,
1644,1991.0,EC-Earth3-Veg,historical,287.90784200759236
1645,1991.0,EC-Earth3-Veg,ssp370,
1646,1991.0,FGOALS-g3,historical,287.91125871780383
1647,1991.0,FGOALS-g3,ssp370,
1648,1991.0,UKESM1-0-LL,historical,286.6903782738072
1649,1991.0,UKESM1-0-LL,ssp370,
1650,1991.0,CanESM5,historical,287.4670632851096
1651,1991.0,CanESM5,ssp370,
1652,1991.0,ACCESS-CM2,historical,287.4417654637979
1653,1991.0,ACCESS-CM2,ssp370,
1654,1991.0,EC-Earth3,historical,287.5036130397297
1655,1991.0,EC-Earth3,ssp370,
1656,1992.0,CESM2,historical,287.45050871117564
1657,1992.0,CESM2,ssp370,
1658,1992.0,MPI-ESM1-2-LR,historical,286.96811639621654
1659,1992.0,MPI-ESM1-2-LR,ssp370,
1660,1992.0,CNRM-ESM2-1,historical,287.1982694546553
1661,1992.0,CNRM-ESM2-1,ssp370,
1662,1992.0,EC-Earth3-Veg,historical,287.45864223157395
1663,1992.0,EC-Earth3-Veg,ssp370,
1664,1992.0,FGOALS-g3,historical,287.3949963814012
1665,1992.0,FGOALS-g3,ssp370,
1666,1992.0,UKESM1-0-LL,historical,286.28814224955266
1667,1992.0,UKESM1-0-LL,ssp370,
1668,1992.0,CanESM5,historical,287.02467444270826
1669,1992.0,CanESM5,ssp370,
1670,1992.0,ACCESS-CM2,historical,287.21674476236586
1671,1992.0,ACCESS-CM2,ssp370,
1672,1992.0,EC-Earth3,historical,287.05160196280536
1673,1992.0,EC-Earth3,ssp370,
1674,1993.0,CESM2,historical,287.3248265112507
1675,1993.0,CESM2,ssp370,
1676,1993.0,MPI-ESM1-2-LR,historical,287.09452613760766
1677,1993.0,MPI-ESM1-2-LR,ssp370,
1678,1993.0,CNRM-ESM2-1,historical,287.05895665365193
1679,1993.0,CNRM-ESM2-1,ssp370,
1680,1993.0,EC-Earth3-Veg,historical,287.3974981939304
1681,1993.0,EC-Earth3-Veg,ssp370,
1682,1993.0,FGOALS-g3,historical,287.52327453770636
1683,1993.0,FGOALS-g3,ssp370,
1684,1993.0,UKESM1-0-LL,historical,286.29328210508936
1685,1993.0,UKESM1-0-LL,ssp370,
1686,1993.0,CanESM5,historical,287.1711828327907
1687,1993.0,CanESM5,ssp370,
1688,1993.0,ACCESS-CM2,historical,287.1368603383174
1689,1993.0,ACCESS-CM2,ssp370,
1690,1993.0,EC-Earth3,historical,287.2683093866712
1691,1993.0,EC-Earth3,ssp370,
1692,1994.0,CESM2,historical,287.5651152571912
1693,1994.0,CESM2,ssp370,
1694,1994.0,MPI-ESM1-2-LR,historical,287.34569473165107
1695,1994.0,MPI-ESM1-2-LR,ssp370,
1696,1994.0,CNRM-ESM2-1,historical,287.04371835123266
1697,1994.0,CNRM-ESM2-1,ssp370,
1698,1994.0,EC-Earth3-Veg,historical,287.6492638157213
1699,1994.0,EC-Earth3-Veg,ssp370,
1700,1994.0,FGOALS-g3,historical,287.7349013360883
1701,1994.0,FGOALS-g3,ssp370,
1702,1994.0,UKESM1-0-LL,historical,286.3951311100211
1703,1994.0,UKESM1-0-LL,ssp370,
1704,1994.0,CanESM5,historical,287.1784219705301
1705,1994.0,CanESM5,ssp370,
1706,1994.0,ACCESS-CM2,historical,287.1347595490184
1707,1994.0,ACCESS-CM2,ssp370,
1708,1994.0,EC-Earth3,historical,287.28934592739023
1709,1994.0,EC-Earth3,ssp370,
1710,1995.0,CESM2,historical,287.4743973682289
1711,1995.0,CESM2,ssp370,
1712,1995.0,MPI-ESM1-2-LR,historical,287.3242391984787
1713,1995.0,MPI-ESM1-2-LR,ssp370,
1714,1995.0,CNRM-ESM2-1,historical,287.1736489839932
1715,1995.0,CNRM-ESM2-1,ssp370,
1716,1995.0,EC-Earth3-Veg,historical,287.7146174620157
1717,1995.0,EC-Earth3-Veg,ssp370,
1718,1995.0,FGOALS-g3,historical,287.63934436734763
1719,1995.0,FGOALS-g3,ssp370,
1720,1995.0,UKESM1-0-LL,historical,286.4615362464454
1721,1995.0,UKESM1-0-LL,ssp370,
1722,1995.0,CanESM5,historical,287.38475957252484
1723,1995.0,CanESM5,ssp370,
1724,1995.0,ACCESS-CM2,historical,287.31466992531625
1725,1995.0,ACCESS-CM2,ssp370,
1726,1995.0,EC-Earth3,historical,287.420528026075
1727,1995.0,EC-Earth3,ssp370,
1728,1996.0,CESM2,historical,287.6483187879971
1729,1996.0,CESM2,ssp370,
1730,1996.0,MPI-ESM1-2-LR,historical,287.1901971209118
1731,1996.0,MPI-ESM1-2-LR,ssp370,
1732,1996.0,CNRM-ESM2-1,historical,287.1939690967749
1733,1996.0,CNRM-ESM2-1,ssp370,
1734,1996.0,EC-Earth3-Veg,historical,287.82334587085404
1735,1996.0,EC-Earth3-Veg,ssp370,
1736,1996.0,FGOALS-g3,historical,287.8349712372957
1737,1996.0,FGOALS-g3,ssp370,
1738,1996.0,UKESM1-0-LL,historical,286.584737116932
1739,1996.0,UKESM1-0-LL,ssp370,
1740,1996.0,CanESM5,historical,287.7172657451592
1741,1996.0,CanESM5,ssp370,
1742,1996.0,ACCESS-CM2,historical,287.385740230036
1743,1996.0,ACCESS-CM2,ssp370,
1744,1996.0,EC-Earth3,historical,287.44072950989226
1745,1996.0,EC-Earth3,ssp370,
1746,1997.0,CESM2,historical,287.7645005745915
1747,1997.0,CESM2,ssp370,
1748,1997.0,MPI-ESM1-2-LR,historical,287.24168954656625
1749,1997.0,MPI-ESM1-2-LR,ssp370,
1750,1997.0,CNRM-ESM2-1,historical,287.3475251629003
1751,1997.0,CNRM-ESM2-1,ssp370,
1752,1997.0,EC-Earth3-Veg,historical,287.97227914288794
1753,1997.0,EC-Earth3-Veg,ssp370,
1754,1997.0,FGOALS-g3,historical,288.00348504608314
1755,1997.0,FGOALS-g3,ssp370,
1756,1997.0,UKESM1-0-LL,historical,286.74622131526047
1757,1997.0,UKESM1-0-LL,ssp370,
1758,1997.0,CanESM5,historical,287.4700872736169
1759,1997.0,CanESM5,ssp370,
1760,1997.0,ACCESS-CM2,historical,287.5095756447299
1761,1997.0,ACCESS-CM2,ssp370,
1762,1997.0,EC-Earth3,historical,287.6163861352724
1763,1997.0,EC-Earth3,ssp370,
1764,1998.0,CESM2,historical,287.7311043813901
1765,1998.0,CESM2,ssp370,
1766,1998.0,MPI-ESM1-2-LR,historical,287.45349595578915
1767,1998.0,MPI-ESM1-2-LR,ssp370,
1768,1998.0,CNRM-ESM2-1,historical,287.2356127007124
1769,1998.0,CNRM-ESM2-1,ssp370,
1770,1998.0,EC-Earth3-Veg,historical,288.03484862285336
1771,1998.0,EC-Earth3-Veg,ssp370,
1772,1998.0,FGOALS-g3,historical,287.90805641695823
1773,1998.0,FGOALS-g3,ssp370,
1774,1998.0,UKESM1-0-LL,historical,286.7528962137036
1775,1998.0,UKESM1-0-LL,ssp370,
1776,1998.0,CanESM5,historical,287.4685589868032
1777,1998.0,CanESM5,ssp370,
1778,1998.0,ACCESS-CM2,historical,287.5916012915144
1779,1998.0,ACCESS-CM2,ssp370,
1780,1998.0,EC-Earth3,historical,287.72206594308705
1781,1998.0,EC-Earth3,ssp370,
1782,1999.0,CESM2,historical,287.6463376189081
1783,1999.0,CESM2,ssp370,
1784,1999.0,MPI-ESM1-2-LR,historical,287.5543722734006
1785,1999.0,MPI-ESM1-2-LR,ssp370,
1786,1999.0,CNRM-ESM2-1,historical,287.3421427871072
1787,1999.0,CNRM-ESM2-1,ssp370,
1788,1999.0,EC-Earth3-Veg,historical,287.8966153573195
1789,1999.0,EC-Earth3-Veg,ssp370,
1790,1999.0,FGOALS-g3,historical,287.988830670861
1791,1999.0,FGOALS-g3,ssp370,
1792,1999.0,UKESM1-0-LL,historical,286.7755171897241
1793,1999.0,UKESM1-0-LL,ssp370,
1794,1999.0,CanESM5,historical,287.64513275732844
1795,1999.0,CanESM5,ssp370,
1796,1999.0,ACCESS-CM2,historical,287.66613604157254
1797,1999.0,ACCESS-CM2,ssp370,
1798,1999.0,EC-Earth3,historical,287.6823504036136
1799,1999.0,EC-Earth3,ssp370,
1800,2000.0,CESM2,historical,287.75232796325184
1801,2000.0,CESM2,ssp370,
1802,2000.0,MPI-ESM1-2-LR,historical,287.3638616170452
1803,2000.0,MPI-ESM1-2-LR,ssp370,
1804,2000.0,CNRM-ESM2-1,historical,287.41654752964877
1805,2000.0,CNRM-ESM2-1,ssp370,
1806,2000.0,EC-Earth3-Veg,historical,287.87214740040054
1807,2000.0,EC-Earth3-Veg,ssp370,
1808,2000.0,FGOALS-g3,historical,288.0462271978037
1809,2000.0,FGOALS-g3,ssp370,
1810,2000.0,UKESM1-0-LL,historical,286.8967636302267
1811,2000.0,UKESM1-0-LL,ssp370,
1812,2000.0,CanESM5,historical,287.7575917618098
1813,2000.0,CanESM5,ssp370,
1814,2000.0,ACCESS-CM2,historical,287.7664474140497
1815,2000.0,ACCESS-CM2,ssp370,
1816,2000.0,EC-Earth3,historical,287.69910881744187
1817,2000.0,EC-Earth3,ssp370,
1818,2001.0,CESM2,historical,287.998449123917
1819,2001.0,CESM2,ssp370,
1820,2001.0,MPI-ESM1-2-LR,historical,287.4971296416881
1821,2001.0,MPI-ESM1-2-LR,ssp370,
1822,2001.0,CNRM-ESM2-1,historical,287.4285361911653
1823,2001.0,CNRM-ESM2-1,ssp370,
1824,2001.0,EC-Earth3-Veg,historical,288.0882542676903
1825,2001.0,EC-Earth3-Veg,ssp370,
1826,2001.0,FGOALS-g3,historical,288.01712617927154
1827,2001.0,FGOALS-g3,ssp370,
1828,2001.0,UKESM1-0-LL,historical,286.93052429850707
1829,2001.0,UKESM1-0-LL,ssp370,
1830,2001.0,CanESM5,historical,287.9893369688402
1831,2001.0,CanESM5,ssp370,
1832,2001.0,ACCESS-CM2,historical,287.8458501939242
1833,2001.0,ACCESS-CM2,ssp370,
1834,2001.0,EC-Earth3,historical,287.71803469479727
1835,2001.0,EC-Earth3,ssp370,
1836,2002.0,CESM2,historical,287.96026387704234
1837,2002.0,CESM2,ssp370,
1838,2002.0,MPI-ESM1-2-LR,historical,287.6644582632667
1839,2002.0,MPI-ESM1-2-LR,ssp370,
1840,2002.0,CNRM-ESM2-1,historical,287.3179353392664
1841,2002.0,CNRM-ESM2-1,ssp370,
1842,2002.0,EC-Earth3-Veg,historical,287.98234974279154
1843,2002.0,EC-Earth3-Veg,ssp370,
1844,2002.0,FGOALS-g3,historical,288.215189802415
1845,2002.0,FGOALS-g3,ssp370,
1846,2002.0,UKESM1-0-LL,historical,287.0433773774951
1847,2002.0,UKESM1-0-LL,ssp370,
1848,2002.0,CanESM5,historical,287.952358738368
1849,2002.0,CanESM5,ssp370,
1850,2002.0,ACCESS-CM2,historical,287.8287669642278
1851,2002.0,ACCESS-CM2,ssp370,
1852,2002.0,EC-Earth3,historical,287.8938604777003
1853,2002.0,EC-Earth3,ssp370,
1854,2003.0,CESM2,historical,287.81922335502094
1855,2003.0,CESM2,ssp370,
1856,2003.0,MPI-ESM1-2-LR,historical,287.5346149471033
1857,2003.0,MPI-ESM1-2-LR,ssp370,
1858,2003.0,CNRM-ESM2-1,historical,287.5209492237127
1859,2003.0,CNRM-ESM2-1,ssp370,
1860,2003.0,EC-Earth3-Veg,historical,288.1051389005051
1861,2003.0,EC-Earth3-Veg,ssp370,
1862,2003.0,FGOALS-g3,historical,288.1659815942173
1863,2003.0,FGOALS-g3,ssp370,
1864,2003.0,UKESM1-0-LL,historical,287.07589776476055
1865,2003.0,UKESM1-0-LL,ssp370,
1866,2003.0,CanESM5,historical,287.8525953859867
1867,2003.0,CanESM5,ssp370,
1868,2003.0,ACCESS-CM2,historical,287.9704787838612
1869,2003.0,ACCESS-CM2,ssp370,
1870,2003.0,EC-Earth3,historical,287.9764755989663
1871,2003.0,EC-Earth3,ssp370,
1872,2004.0,CESM2,historical,287.93773696809086
1873,2004.0,CESM2,ssp370,
1874,2004.0,MPI-ESM1-2-LR,historical,287.5484546179707
1875,2004.0,MPI-ESM1-2-LR,ssp370,
1876,2004.0,CNRM-ESM2-1,historical,287.62007024731525
1877,2004.0,CNRM-ESM2-1,ssp370,
1878,2004.0,EC-Earth3-Veg,historical,288.1422942080483
1879,2004.0,EC-Earth3-Veg,ssp370,
1880,2004.0,FGOALS-g3,historical,288.2492878374166
1881,2004.0,FGOALS-g3,ssp370,
1882,2004.0,UKESM1-0-LL,historical,286.97949036249344
1883,2004.0,UKESM1-0-LL,ssp370,
1884,2004.0,CanESM5,historical,287.8406761677839
1885,2004.0,CanESM5,ssp370,
1886,2004.0,ACCESS-CM2,historical,287.81400788369984
1887,2004.0,ACCESS-CM2,ssp370,
1888,2004.0,EC-Earth3,historical,287.94625423860174
1889,2004.0,EC-Earth3,ssp370,
1890,2005.0,CESM2,historical,287.92342123990795
1891,2005.0,CESM2,ssp370,
1892,2005.0,MPI-ESM1-2-LR,historical,287.7814757886717
1893,2005.0,MPI-ESM1-2-LR,ssp370,
1894,2005.0,CNRM-ESM2-1,historical,287.50342763330235
1895,2005.0,CNRM-ESM2-1,ssp370,
1896,2005.0,EC-Earth3-Veg,historical,288.0289967637747
1897,2005.0,EC-Earth3-Veg,ssp370,
1898,2005.0,FGOALS-g3,historical,288.23415366449973
1899,2005.0,FGOALS-g3,ssp370,
1900,2005.0,UKESM1-0-LL,historical,286.91275961034677
1901,2005.0,UKESM1-0-LL,ssp370,
1902,2005.0,CanESM5,historical,287.67431486363915
1903,2005.0,CanESM5,ssp370,
1904,2005.0,ACCESS-CM2,historical,287.7704640838789
1905,2005.0,ACCESS-CM2,ssp370,
1906,2005.0,EC-Earth3,historical,288.07075578430016
1907,2005.0,EC-Earth3,ssp370,
1908,2006.0,CESM2,historical,287.8992754825965
1909,2006.0,CESM2,ssp370,
1910,2006.0,MPI-ESM1-2-LR,historical,287.6260305991662
1911,2006.0,MPI-ESM1-2-LR,ssp370,
1912,2006.0,CNRM-ESM2-1,historical,287.4813945834936
1913,2006.0,CNRM-ESM2-1,ssp370,
1914,2006.0,EC-Earth3-Veg,historical,288.094689625538
1915,2006.0,EC-Earth3-Veg,ssp370,
1916,2006.0,FGOALS-g3,historical,288.2437130730621
1917,2006.0,FGOALS-g3,ssp370,
1918,2006.0,UKESM1-0-LL,historical,286.8806663995206
1919,2006.0,UKESM1-0-LL,ssp370,
1920,2006.0,CanESM5,historical,287.6620963137638
1921,2006.0,CanESM5,ssp370,
1922,2006.0,ACCESS-CM2,historical,287.998134362626
1923,2006.0,ACCESS-CM2,ssp370,
1924,2006.0,EC-Earth3,historical,288.0763188455497
1925,2006.0,EC-Earth3,ssp370,
1926,2007.0,CESM2,historical,287.93972661635166
1927,2007.0,CESM2,ssp370,
1928,2007.0,MPI-ESM1-2-LR,historical,287.4870078298511
1929,2007.0,MPI-ESM1-2-LR,ssp370,
1930,2007.0,CNRM-ESM2-1,historical,287.6444975491461
1931,2007.0,CNRM-ESM2-1,ssp370,
1932,2007.0,EC-Earth3-Veg,historical,288.1866824531805
1933,2007.0,EC-Earth3-Veg,ssp370,
1934,2007.0,FGOALS-g3,historical,288.21604154398796
1935,2007.0,FGOALS-g3,ssp370,
1936,2007.0,UKESM1-0-LL,historical,286.9538247983255
1937,2007.0,UKESM1-0-LL,ssp370,
1938,2007.0,CanESM5,historical,287.85335069296303
1939,2007.0,CanESM5,ssp370,
1940,2007.0,ACCESS-CM2,historical,288.04577883753666
1941,2007.0,ACCESS-CM2,ssp370,
1942,2007.0,EC-Earth3,historical,288.11256097808297
1943,2007.0,EC-Earth3,ssp370,
1944,2008.0,CESM2,historical,288.0968210270524
1945,2008.0,CESM2,ssp370,
1946,2008.0,MPI-ESM1-2-LR,historical,287.60819676608145
1947,2008.0,MPI-ESM1-2-LR,ssp370,
1948,2008.0,CNRM-ESM2-1,historical,287.6934670926334
1949,2008.0,CNRM-ESM2-1,ssp370,
1950,2008.0,EC-Earth3-Veg,historical,288.0164434353088
1951,2008.0,EC-Earth3-Veg,ssp370,
1952,2008.0,FGOALS-g3,historical,288.19400810869223
1953,2008.0,FGOALS-g3,ssp370,
1954,2008.0,UKESM1-0-LL,historical,287.05707523073386
1955,2008.0,UKESM1-0-LL,ssp370,
1956,2008.0,CanESM5,historical,288.00181180247586
1957,2008.0,CanESM5,ssp370,
1958,2008.0,ACCESS-CM2,historical,287.8696345858248
1959,2008.0,ACCESS-CM2,ssp370,
1960,2008.0,EC-Earth3,historical,288.16453813139225
1961,2008.0,EC-Earth3,ssp370,
1962,2009.0,CESM2,historical,288.1042999394461
1963,2009.0,CESM2,ssp370,
1964,2009.0,MPI-ESM1-2-LR,historical,287.73054003141874
1965,2009.0,MPI-ESM1-2-LR,ssp370,
1966,2009.0,CNRM-ESM2-1,historical,287.5797754791858
1967,2009.0,CNRM-ESM2-1,ssp370,
1968,2009.0,EC-Earth3-Veg,historical,287.997985021833
1969,2009.0,EC-Earth3-Veg,ssp370,
1970,2009.0,FGOALS-g3,historical,288.28104533402944
1971,2009.0,FGOALS-g3,ssp370,
1972,2009.0,UKESM1-0-LL,historical,287.3650317441993
1973,2009.0,UKESM1-0-LL,ssp370,
1974,2009.0,CanESM5,historical,287.9130741526305
1975,2009.0,CanESM5,ssp370,
1976,2009.0,ACCESS-CM2,historical,287.8466335006162
1977,2009.0,ACCESS-CM2,ssp370,
1978,2009.0,EC-Earth3,historical,288.22729496487096
1979,2009.0,EC-Earth3,ssp370,
1980,2010.0,CESM2,historical,287.9063095478394
1981,2010.0,CESM2,ssp370,
1982,2010.0,MPI-ESM1-2-LR,historical,287.5930709043818
1983,2010.0,MPI-ESM1-2-LR,ssp370,
1984,2010.0,CNRM-ESM2-1,historical,287.6976735631528
1985,2010.0,CNRM-ESM2-1,ssp370,
1986,2010.0,EC-Earth3-Veg,historical,288.11361280443253
1987,2010.0,EC-Earth3-Veg,ssp370,
1988,2010.0,FGOALS-g3,historical,288.20356758538145
1989,2010.0,FGOALS-g3,ssp370,
1990,2010.0,UKESM1-0-LL,historical,287.167506476975
1991,2010.0,UKESM1-0-LL,ssp370,
1992,2010.0,CanESM5,historical,287.9352123714006
1993,2010.0,CanESM5,ssp370,
1994,2010.0,ACCESS-CM2,historical,287.9569997512145
1995,2010.0,ACCESS-CM2,ssp370,
1996,2010.0,EC-Earth3,historical,288.24304013758484
1997,2010.0,EC-Earth3,ssp370,
1998,2011.0,CESM2,historical,288.090349249825
1999,2011.0,CESM2,ssp370,
2000,2011.0,MPI-ESM1-2-LR,historical,287.7192879232835
2001,2011.0,MPI-ESM1-2-LR,ssp370,
2002,2011.0,CNRM-ESM2-1,historical,287.6967492280605
2003,2011.0,CNRM-ESM2-1,ssp370,
2004,2011.0,EC-Earth3-Veg,historical,288.2120083731564
2005,2011.0,EC-Earth3-Veg,ssp370,
2006,2011.0,FGOALS-g3,historical,288.2588916563751
2007,2011.0,FGOALS-g3,ssp370,
2008,2011.0,UKESM1-0-LL,historical,287.23597469900034
2009,2011.0,UKESM1-0-LL,ssp370,
2010,2011.0,CanESM5,historical,288.0072152303951
2011,2011.0,CanESM5,ssp370,
2012,2011.0,ACCESS-CM2,historical,287.89589331805973
2013,2011.0,ACCESS-CM2,ssp370,
2014,2011.0,EC-Earth3,historical,288.20404890393894
2015,2011.0,EC-Earth3,ssp370,
2016,2012.0,CESM2,historical,288.2855840094168
2017,2012.0,CESM2,ssp370,
2018,2012.0,MPI-ESM1-2-LR,historical,287.77500405053536
2019,2012.0,MPI-ESM1-2-LR,ssp370,
2020,2012.0,CNRM-ESM2-1,historical,287.7097633366461
2021,2012.0,CNRM-ESM2-1,ssp370,
2022,2012.0,EC-Earth3-Veg,historical,288.2772435725562
2023,2012.0,EC-Earth3-Veg,ssp370,
2024,2012.0,FGOALS-g3,historical,288.30587883663344
2025,2012.0,FGOALS-g3,ssp370,
2026,2012.0,UKESM1-0-LL,historical,287.37876744717016
2027,2012.0,UKESM1-0-LL,ssp370,
2028,2012.0,CanESM5,historical,288.17214243125045
2029,2012.0,CanESM5,ssp370,
2030,2012.0,ACCESS-CM2,historical,287.7466724500743
2031,2012.0,ACCESS-CM2,ssp370,
2032,2012.0,EC-Earth3,historical,288.3008962829889
2033,2012.0,EC-Earth3,ssp370,
2034,2013.0,CESM2,historical,288.33482123452524
2035,2013.0,CESM2,ssp370,
2036,2013.0,MPI-ESM1-2-LR,historical,287.67395291040776
2037,2013.0,MPI-ESM1-2-LR,ssp370,
2038,2013.0,CNRM-ESM2-1,historical,287.7195063439783
2039,2013.0,CNRM-ESM2-1,ssp370,
2040,2013.0,EC-Earth3-Veg,historical,288.17885620045473
2041,2013.0,EC-Earth3-Veg,ssp370,
2042,2013.0,FGOALS-g3,historical,288.1957801892276
2043,2013.0,FGOALS-g3,ssp370,
2044,2013.0,UKESM1-0-LL,historical,287.4378680237765
2045,2013.0,UKESM1-0-LL,ssp370,
2046,2013.0,CanESM5,historical,288.0604848575047
2047,2013.0,CanESM5,ssp370,
2048,2013.0,ACCESS-CM2,historical,287.9883076780819
2049,2013.0,ACCESS-CM2,ssp370,
2050,2013.0,EC-Earth3,historical,288.4001958652469
2051,2013.0,EC-Earth3,ssp370,
2052,2014.0,CESM2,historical,288.27771431143105
2053,2014.0,CESM2,ssp370,
2054,2014.0,MPI-ESM1-2-LR,historical,287.67290710362494
2055,2014.0,MPI-ESM1-2-LR,ssp370,
2056,2014.0,CNRM-ESM2-1,historical,287.6048060592006
2057,2014.0,CNRM-ESM2-1,ssp370,
2058,2014.0,EC-Earth3-Veg,historical,288.2881762221667
2059,2014.0,EC-Earth3-Veg,ssp370,
2060,2014.0,FGOALS-g3,historical,288.3229514350107
2061,2014.0,FGOALS-g3,ssp370,
2062,2014.0,UKESM1-0-LL,historical,287.4891337726595
2063,2014.0,UKESM1-0-LL,ssp370,
2064,2014.0,CanESM5,historical,288.2232512456631
2065,2014.0,CanESM5,ssp370,
2066,2014.0,ACCESS-CM2,historical,288.2389708726763
2067,2014.0,ACCESS-CM2,ssp370,
2068,2014.0,EC-Earth3,historical,288.3670105431072
2069,2014.0,EC-Earth3,ssp370,
2070,2015.0,CESM2,historical,
2071,2015.0,CESM2,ssp370,288.43393278935264
2072,2015.0,MPI-ESM1-2-LR,historical,
2073,2015.0,MPI-ESM1-2-LR,ssp370,287.6446876311115
2074,2015.0,CNRM-ESM2-1,historical,
2075,2015.0,CNRM-ESM2-1,ssp370,287.63283818838676
2076,2015.0,EC-Earth3-Veg,historical,
2077,2015.0,EC-Earth3-Veg,ssp370,288.2827187822923
2078,2015.0,FGOALS-g3,historical,288.32773601681924
2079,2015.0,FGOALS-g3,ssp370,288.3516876748382
2080,2015.0,UKESM1-0-LL,historical,
2081,2015.0,UKESM1-0-LL,ssp370,287.5254513140847
2082,2015.0,CanESM5,historical,
2083,2015.0,CanESM5,ssp370,288.3096257274698
2084,2015.0,ACCESS-CM2,historical,
2085,2015.0,ACCESS-CM2,ssp370,288.2707531043305
2086,2015.0,EC-Earth3,historical,
2087,2015.0,EC-Earth3,ssp370,288.3570330667107
2088,2016.0,CESM2,historical,
2089,2016.0,CESM2,ssp370,288.4164095865401
2090,2016.0,MPI-ESM1-2-LR,historical,
2091,2016.0,MPI-ESM1-2-LR,ssp370,287.57221196265954
2092,2016.0,CNRM-ESM2-1,historical,
2093,2016.0,CNRM-ESM2-1,ssp370,287.7535134403301
2094,2016.0,EC-Earth3-Veg,historical,
2095,2016.0,EC-Earth3-Veg,ssp370,288.4823466065538
2096,2016.0,FGOALS-g3,historical,288.3086797834994
2097,2016.0,FGOALS-g3,ssp370,288.1878507034971
2098,2016.0,UKESM1-0-LL,historical,
2099,2016.0,UKESM1-0-LL,ssp370,287.526666840921
2100,2016.0,CanESM5,historical,
2101,2016.0,CanESM5,ssp370,288.46068892319886
2102,2016.0,ACCESS-CM2,historical,
2103,2016.0,ACCESS-CM2,ssp370,288.28690265812014
2104,2016.0,EC-Earth3,historical,
2105,2016.0,EC-Earth3,ssp370,288.4528873401357
2106,2017.0,CESM2,historical,
2107,2017.0,CESM2,ssp370,288.5151794167978
2108,2017.0,MPI-ESM1-2-LR,historical,
2109,2017.0,MPI-ESM1-2-LR,ssp370,287.70837122852504
2110,2017.0,CNRM-ESM2-1,historical,
2111,2017.0,CNRM-ESM2-1,ssp370,287.79819521744236
2112,2017.0,EC-Earth3-Veg,historical,
2113,2017.0,EC-Earth3-Veg,ssp370,288.61230129685106
2114,2017.0,FGOALS-g3,historical,
2115,2017.0,FGOALS-g3,ssp370,288.3121802263125
2116,2017.0,UKESM1-0-LL,historical,
2117,2017.0,UKESM1-0-LL,ssp370,287.7110460545795
2118,2017.0,CanESM5,historical,
2119,2017.0,CanESM5,ssp370,288.38329496436853
2120,2017.0,ACCESS-CM2,historical,
2121,2017.0,ACCESS-CM2,ssp370,288.1589235035223
2122,2017.0,EC-Earth3,historical,
2123,2017.0,EC-Earth3,ssp370,288.3956187407417
2124,2018.0,CESM2,historical,
2125,2018.0,CESM2,ssp370,288.3153231319806
2126,2018.0,MPI-ESM1-2-LR,historical,
2127,2018.0,MPI-ESM1-2-LR,ssp370,287.69807191694423
2128,2018.0,CNRM-ESM2-1,historical,
2129,2018.0,CNRM-ESM2-1,ssp370,287.75353588844223
2130,2018.0,EC-Earth3-Veg,historical,
2131,2018.0,EC-Earth3-Veg,ssp370,288.3632098376816
2132,2018.0,FGOALS-g3,historical,
2133,2018.0,FGOALS-g3,ssp370,288.49479618496224
2134,2018.0,UKESM1-0-LL,historical,
2135,2018.0,UKESM1-0-LL,ssp370,287.5750655060234
2136,2018.0,CanESM5,historical,
2137,2018.0,CanESM5,ssp370,288.4019047569276
2138,2018.0,ACCESS-CM2,historical,
2139,2018.0,ACCESS-CM2,ssp370,288.28780737256096
2140,2018.0,EC-Earth3,historical,
2141,2018.0,EC-Earth3,ssp370,288.45086310178334
2142,2019.0,CESM2,historical,
2143,2019.0,CESM2,ssp370,288.3447008873048
2144,2019.0,MPI-ESM1-2-LR,historical,
2145,2019.0,MPI-ESM1-2-LR,ssp370,287.6425444206491
2146,2019.0,CNRM-ESM2-1,historical,
2147,2019.0,CNRM-ESM2-1,ssp370,287.9639552665978
2148,2019.0,EC-Earth3-Veg,historical,
2149,2019.0,EC-Earth3-Veg,ssp370,288.33415605452075
2150,2019.0,FGOALS-g3,historical,
2151,2019.0,FGOALS-g3,ssp370,288.28364272527267
2152,2019.0,UKESM1-0-LL,historical,
2153,2019.0,UKESM1-0-LL,ssp370,287.6789467487268
2154,2019.0,CanESM5,historical,
2155,2019.0,CanESM5,ssp370,288.5970098983767
2156,2019.0,ACCESS-CM2,historical,
2157,2019.0,ACCESS-CM2,ssp370,288.1985212832282
2158,2019.0,EC-Earth3,historical,
2159,2019.0,EC-Earth3,ssp370,288.66400786992534
2160,2020.0,CESM2,historical,
2161,2020.0,CESM2,ssp370,288.4414251045452
2162,2020.0,MPI-ESM1-2-LR,historical,
2163,2020.0,MPI-ESM1-2-LR,ssp370,287.77140136030283
2164,2020.0,CNRM-ESM2-1,historical,
2165,2020.0,CNRM-ESM2-1,ssp370,287.75120710964427
2166,2020.0,EC-Earth3-Veg,historical,
2167,2020.0,EC-Earth3-Veg,ssp370,288.3810313624861
2168,2020.0,FGOALS-g3,historical,
2169,2020.0,FGOALS-g3,ssp370,288.5018987025606
2170,2020.0,UKESM1-0-LL,historical,
2171,2020.0,UKESM1-0-LL,ssp370,287.7683692283636
2172,2020.0,CanESM5,historical,
2173,2020.0,CanESM5,ssp370,288.7379022848999
2174,2020.0,ACCESS-CM2,historical,
2175,2020.0,ACCESS-CM2,ssp370,288.1759949369191
2176,2020.0,EC-Earth3,historical,
2177,2020.0,EC-Earth3,ssp370,288.4405242133342
2178,2021.0,CESM2,historical,
2179,2021.0,CESM2,ssp370,288.29304898483946
2180,2021.0,MPI-ESM1-2-LR,historical,
2181,2021.0,MPI-ESM1-2-LR,ssp370,288.05188798086374
2182,2021.0,CNRM-ESM2-1,historical,
2183,2021.0,CNRM-ESM2-1,ssp370,287.84485898359816
2184,2021.0,EC-Earth3-Veg,historical,
2185,2021.0,EC-Earth3-Veg,ssp370,288.5901750859439
2186,2021.0,FGOALS-g3,historical,
2187,2021.0,FGOALS-g3,ssp370,288.5291881037898
2188,2021.0,UKESM1-0-LL,historical,
2189,2021.0,UKESM1-0-LL,ssp370,287.5521651676783
2190,2021.0,CanESM5,historical,
2191,2021.0,CanESM5,ssp370,288.91684589554825
2192,2021.0,ACCESS-CM2,historical,
2193,2021.0,ACCESS-CM2,ssp370,288.2568604673375
2194,2021.0,EC-Earth3,historical,
2195,2021.0,EC-Earth3,ssp370,288.63758351259924
2196,2022.0,CESM2,historical,
2197,2022.0,CESM2,ssp370,288.2875277244578
2198,2022.0,MPI-ESM1-2-LR,historical,
2199,2022.0,MPI-ESM1-2-LR,ssp370,288.1866498127735
2200,2022.0,CNRM-ESM2-1,historical,
2201,2022.0,CNRM-ESM2-1,ssp370,287.964685959114
2202,2022.0,EC-Earth3-Veg,historical,
2203,2022.0,EC-Earth3-Veg,ssp370,288.5397520870576
2204,2022.0,FGOALS-g3,historical,
2205,2022.0,FGOALS-g3,ssp370,288.3928154977716
2206,2022.0,UKESM1-0-LL,historical,
2207,2022.0,UKESM1-0-LL,ssp370,287.66496779879463
2208,2022.0,CanESM5,historical,
2209,2022.0,CanESM5,ssp370,288.7985628366263
2210,2022.0,ACCESS-CM2,historical,
2211,2022.0,ACCESS-CM2,ssp370,288.26035088595495
2212,2022.0,EC-Earth3,historical,
2213,2022.0,EC-Earth3,ssp370,288.75082222075946
2214,2023.0,CESM2,historical,
2215,2023.0,CESM2,ssp370,288.4247462008794
2216,2023.0,MPI-ESM1-2-LR,historical,
2217,2023.0,MPI-ESM1-2-LR,ssp370,287.9306391217163
2218,2023.0,CNRM-ESM2-1,historical,
2219,2023.0,CNRM-ESM2-1,ssp370,287.9897239655604
2220,2023.0,EC-Earth3-Veg,historical,
2221,2023.0,EC-Earth3-Veg,ssp370,288.52582567182134
2222,2023.0,FGOALS-g3,historical,
2223,2023.0,FGOALS-g3,ssp370,288.6733339421742
2224,2023.0,UKESM1-0-LL,historical,
2225,2023.0,UKESM1-0-LL,ssp370,287.7937959328038
2226,2023.0,CanESM5,historical,
2227,2023.0,CanESM5,ssp370,288.53079979996625
2228,2023.0,ACCESS-CM2,historical,
2229,2023.0,ACCESS-CM2,ssp370,288.47051867230715
2230,2023.0,EC-Earth3,historical,
2231,2023.0,EC-Earth3,ssp370,288.751556322839
2232,2024.0,CESM2,historical,
2233,2024.0,CESM2,ssp370,288.5984864663778
2234,2024.0,MPI-ESM1-2-LR,historical,
2235,2024.0,MPI-ESM1-2-LR,ssp370,287.78571909958316
2236,2024.0,CNRM-ESM2-1,historical,
2237,2024.0,CNRM-ESM2-1,ssp370,287.84656300491764
2238,2024.0,EC-Earth3-Veg,historical,
2239,2024.0,EC-Earth3-Veg,ssp370,288.5608896005729
2240,2024.0,FGOALS-g3,historical,
2241,2024.0,FGOALS-g3,ssp370,288.6062461560769
2242,2024.0,UKESM1-0-LL,historical,
2243,2024.0,UKESM1-0-LL,ssp370,287.97956786032245
2244,2024.0,CanESM5,historical,
2245,2024.0,CanESM5,ssp370,288.5869088442294
2246,2024.0,ACCESS-CM2,historical,
2247,2024.0,ACCESS-CM2,ssp370,288.3792917332369
2248,2024.0,EC-Earth3,historical,
2249,2024.0,EC-Earth3,ssp370,288.5779952543593
2250,2025.0,CESM2,historical,
2251,2025.0,CESM2,ssp370,288.66642345798357
2252,2025.0,MPI-ESM1-2-LR,historical,
2253,2025.0,MPI-ESM1-2-LR,ssp370,287.94773894329427
2254,2025.0,CNRM-ESM2-1,historical,
2255,2025.0,CNRM-ESM2-1,ssp370,287.9052644047669
2256,2025.0,EC-Earth3-Veg,historical,
2257,2025.0,EC-Earth3-Veg,ssp370,288.6339025114694
2258,2025.0,FGOALS-g3,historical,
2259,2025.0,FGOALS-g3,ssp370,288.56999866213755
2260,2025.0,UKESM1-0-LL,historical,
2261,2025.0,UKESM1-0-LL,ssp370,288.0882528451895
2262,2025.0,CanESM5,historical,
2263,2025.0,CanESM5,ssp370,288.7099365840605
2264,2025.0,ACCESS-CM2,historical,
2265,2025.0,ACCESS-CM2,ssp370,288.5330370508098
2266,2025.0,EC-Earth3,historical,
2267,2025.0,EC-Earth3,ssp370,288.54346913568946
2268,2026.0,CESM2,historical,
2269,2026.0,CESM2,ssp370,288.65858779250016
2270,2026.0,MPI-ESM1-2-LR,historical,
2271,2026.0,MPI-ESM1-2-LR,ssp370,288.0287215040873
2272,2026.0,CNRM-ESM2-1,historical,
2273,2026.0,CNRM-ESM2-1,ssp370,287.9793771154489
2274,2026.0,EC-Earth3-Veg,historical,
2275,2026.0,EC-Earth3-Veg,ssp370,288.430455834164
2276,2026.0,FGOALS-g3,historical,
2277,2026.0,FGOALS-g3,ssp370,288.7467977361787
2278,2026.0,UKESM1-0-LL,historical,
2279,2026.0,UKESM1-0-LL,ssp370,288.0123939312859
2280,2026.0,CanESM5,historical,
2281,2026.0,CanESM5,ssp370,289.00861405057657
2282,2026.0,ACCESS-CM2,historical,
2283,2026.0,ACCESS-CM2,ssp370,288.61143550709454
2284,2026.0,EC-Earth3,historical,
2285,2026.0,EC-Earth3,ssp370,288.84080477648496
2286,2027.0,CESM2,historical,
2287,2027.0,CESM2,ssp370,288.81518745639664
2288,2027.0,MPI-ESM1-2-LR,historical,
2289,2027.0,MPI-ESM1-2-LR,ssp370,287.937996693658
2290,2027.0,CNRM-ESM2-1,historical,
2291,2027.0,CNRM-ESM2-1,ssp370,288.13634316244276
2292,2027.0,EC-Earth3-Veg,historical,
2293,2027.0,EC-Earth3-Veg,ssp370,288.5242830947523
2294,2027.0,FGOALS-g3,historical,
2295,2027.0,FGOALS-g3,ssp370,288.6808507512795
2296,2027.0,UKESM1-0-LL,historical,
2297,2027.0,UKESM1-0-LL,ssp370,287.9618006260451
2298,2027.0,CanESM5,historical,
2299,2027.0,CanESM5,ssp370,289.1274229431097
2300,2027.0,ACCESS-CM2,historical,
2301,2027.0,ACCESS-CM2,ssp370,288.5562615463269
2302,2027.0,EC-Earth3,historical,
2303,2027.0,EC-Earth3,ssp370,288.8777988280288
2304,2028.0,CESM2,historical,
2305,2028.0,CESM2,ssp370,288.7569578539017
2306,2028.0,MPI-ESM1-2-LR,historical,
2307,2028.0,MPI-ESM1-2-LR,ssp370,288.06511191597843
2308,2028.0,CNRM-ESM2-1,historical,
2309,2028.0,CNRM-ESM2-1,ssp370,288.10587263838937
2310,2028.0,EC-Earth3-Veg,historical,
2311,2028.0,EC-Earth3-Veg,ssp370,288.50577589756557
2312,2028.0,FGOALS-g3,historical,
2313,2028.0,FGOALS-g3,ssp370,288.75659269797416
2314,2028.0,UKESM1-0-LL,historical,
2315,2028.0,UKESM1-0-LL,ssp370,288.0762999576331
2316,2028.0,CanESM5,historical,
2317,2028.0,CanESM5,ssp370,288.8646939809298
2318,2028.0,ACCESS-CM2,historical,
2319,2028.0,ACCESS-CM2,ssp370,288.65237355019
2320,2028.0,EC-Earth3,historical,
2321,2028.0,EC-Earth3,ssp370,288.77630386453046
2322,2029.0,CESM2,historical,
2323,2029.0,CESM2,ssp370,288.6555887935065
2324,2029.0,MPI-ESM1-2-LR,historical,
2325,2029.0,MPI-ESM1-2-LR,ssp370,287.96030846509063
2326,2029.0,CNRM-ESM2-1,historical,
2327,2029.0,CNRM-ESM2-1,ssp370,287.9715438274447
2328,2029.0,EC-Earth3-Veg,historical,
2329,2029.0,EC-Earth3-Veg,ssp370,288.6491488111149
2330,2029.0,FGOALS-g3,historical,
2331,2029.0,FGOALS-g3,ssp370,288.67204236564106
2332,2029.0,UKESM1-0-LL,historical,
2333,2029.0,UKESM1-0-LL,ssp370,288.2418771332265
2334,2029.0,CanESM5,historical,
2335,2029.0,CanESM5,ssp370,288.9839633518257
2336,2029.0,ACCESS-CM2,historical,
2337,2029.0,ACCESS-CM2,ssp370,288.61303109989467
2338,2029.0,EC-Earth3,historical,
2339,2029.0,EC-Earth3,ssp370,288.834527097145
2340,2030.0,CESM2,historical,
2341,2030.0,CESM2,ssp370,288.8635871167499
2342,2030.0,MPI-ESM1-2-LR,historical,
2343,2030.0,MPI-ESM1-2-LR,ssp370,287.88094673093076
2344,2030.0,CNRM-ESM2-1,historical,
2345,2030.0,CNRM-ESM2-1,ssp370,288.25229925503794
2346,2030.0,EC-Earth3-Veg,historical,
2347,2030.0,EC-Earth3-Veg,ssp370,288.5549319531512
2348,2030.0,FGOALS-g3,historical,
2349,2030.0,FGOALS-g3,ssp370,288.60586615844255
2350,2030.0,UKESM1-0-LL,historical,
2351,2030.0,UKESM1-0-LL,ssp370,288.3534105780764
2352,2030.0,CanESM5,historical,
2353,2030.0,CanESM5,ssp370,289.1164920425207
2354,2030.0,ACCESS-CM2,historical,
2355,2030.0,ACCESS-CM2,ssp370,288.8201022230924
2356,2030.0,EC-Earth3,historical,
2357,2030.0,EC-Earth3,ssp370,288.85090815494937
2358,2031.0,CESM2,historical,
2359,2031.0,CESM2,ssp370,288.7945005108333
2360,2031.0,MPI-ESM1-2-LR,historical,
2361,2031.0,MPI-ESM1-2-LR,ssp370,287.83553549500164
2362,2031.0,CNRM-ESM2-1,historical,
2363,2031.0,CNRM-ESM2-1,ssp370,288.2702472933533
2364,2031.0,EC-Earth3-Veg,historical,
2365,2031.0,EC-Earth3-Veg,ssp370,288.7503207251172
2366,2031.0,FGOALS-g3,historical,
2367,2031.0,FGOALS-g3,ssp370,288.84924032812
2368,2031.0,UKESM1-0-LL,historical,
2369,2031.0,UKESM1-0-LL,ssp370,288.35823796133144
2370,2031.0,CanESM5,historical,
2371,2031.0,CanESM5,ssp370,289.26424385929005
2372,2031.0,ACCESS-CM2,historical,
2373,2031.0,ACCESS-CM2,ssp370,288.7777087169562
2374,2031.0,EC-Earth3,historical,
2375,2031.0,EC-Earth3,ssp370,288.7858045060754
2376,2032.0,CESM2,historical,
2377,2032.0,CESM2,ssp370,288.5938993052531
2378,2032.0,MPI-ESM1-2-LR,historical,
2379,2032.0,MPI-ESM1-2-LR,ssp370,287.9476088384162
2380,2032.0,CNRM-ESM2-1,historical,
2381,2032.0,CNRM-ESM2-1,ssp370,288.2638309879898
2382,2032.0,EC-Earth3-Veg,historical,
2383,2032.0,EC-Earth3-Veg,ssp370,288.91538172391785
2384,2032.0,FGOALS-g3,historical,
2385,2032.0,FGOALS-g3,ssp370,288.8930609519454
2386,2032.0,UKESM1-0-LL,historical,
2387,2032.0,UKESM1-0-LL,ssp370,288.228314413998
2388,2032.0,CanESM5,historical,
2389,2032.0,CanESM5,ssp370,289.25326473598426
2390,2032.0,ACCESS-CM2,historical,
2391,2032.0,ACCESS-CM2,ssp370,288.80483198199
2392,2032.0,EC-Earth3,historical,
2393,2032.0,EC-Earth3,ssp370,288.7177384601962
2394,2033.0,CESM2,historical,
2395,2033.0,CESM2,ssp370,288.7597633554073
2396,2033.0,MPI-ESM1-2-LR,historical,
2397,2033.0,MPI-ESM1-2-LR,ssp370,287.91934111236895
2398,2033.0,CNRM-ESM2-1,historical,
2399,2033.0,CNRM-ESM2-1,ssp370,288.1528925499246
2400,2033.0,EC-Earth3-Veg,historical,
2401,2033.0,EC-Earth3-Veg,ssp370,288.52641910287133
2402,2033.0,FGOALS-g3,historical,
2403,2033.0,FGOALS-g3,ssp370,288.74880177396557
2404,2033.0,UKESM1-0-LL,historical,
2405,2033.0,UKESM1-0-LL,ssp370,288.2596070559928
2406,2033.0,CanESM5,historical,
2407,2033.0,CanESM5,ssp370,289.20821824637693
2408,2033.0,ACCESS-CM2,historical,
2409,2033.0,ACCESS-CM2,ssp370,288.81908471228536
2410,2033.0,EC-Earth3,historical,
2411,2033.0,EC-Earth3,ssp370,289.09318375971515
2412,2034.0,CESM2,historical,
2413,2034.0,CESM2,ssp370,288.85729734429304
2414,2034.0,MPI-ESM1-2-LR,historical,
2415,2034.0,MPI-ESM1-2-LR,ssp370,288.1870132540052
2416,2034.0,CNRM-ESM2-1,historical,
2417,2034.0,CNRM-ESM2-1,ssp370,288.4292949414189
2418,2034.0,EC-Earth3-Veg,historical,
2419,2034.0,EC-Earth3-Veg,ssp370,288.5636034394828
2420,2034.0,FGOALS-g3,historical,
2421,2034.0,FGOALS-g3,ssp370,288.7213397487925
2422,2034.0,UKESM1-0-LL,historical,
2423,2034.0,UKESM1-0-LL,ssp370,288.49370501475295
2424,2034.0,CanESM5,historical,
2425,2034.0,CanESM5,ssp370,289.41469710773197
2426,2034.0,ACCESS-CM2,historical,
2427,2034.0,ACCESS-CM2,ssp370,288.9507829952494
2428,2034.0,EC-Earth3,historical,
2429,2034.0,EC-Earth3,ssp370,288.87759909169256
2430,2035.0,CESM2,historical,
2431,2035.0,CESM2,ssp370,288.70946226198186
2432,2035.0,MPI-ESM1-2-LR,historical,
2433,2035.0,MPI-ESM1-2-LR,ssp370,288.35234228583596
2434,2035.0,CNRM-ESM2-1,historical,
2435,2035.0,CNRM-ESM2-1,ssp370,288.18612340876734
2436,2035.0,EC-Earth3-Veg,historical,
2437,2035.0,EC-Earth3-Veg,ssp370,288.7154241746733
2438,2035.0,FGOALS-g3,historical,
2439,2035.0,FGOALS-g3,ssp370,288.84961140099546
2440,2035.0,UKESM1-0-LL,historical,
2441,2035.0,UKESM1-0-LL,ssp370,288.5724876380903
2442,2035.0,CanESM5,historical,
2443,2035.0,CanESM5,ssp370,289.3991352891956
2444,2035.0,ACCESS-CM2,historical,
2445,2035.0,ACCESS-CM2,ssp370,289.02774692217736
2446,2035.0,EC-Earth3,historical,
2447,2035.0,EC-Earth3,ssp370,288.8330202099176
2448,2036.0,CESM2,historical,
2449,2036.0,CESM2,ssp370,288.90749944753196
2450,2036.0,MPI-ESM1-2-LR,historical,
2451,2036.0,MPI-ESM1-2-LR,ssp370,288.1851478974886
2452,2036.0,CNRM-ESM2-1,historical,
2453,2036.0,CNRM-ESM2-1,ssp370,287.9482327299863
2454,2036.0,EC-Earth3-Veg,historical,
2455,2036.0,EC-Earth3-Veg,ssp370,288.9864631483452
2456,2036.0,FGOALS-g3,historical,
2457,2036.0,FGOALS-g3,ssp370,288.8228381838009
2458,2036.0,UKESM1-0-LL,historical,
2459,2036.0,UKESM1-0-LL,ssp370,288.5493008238454
2460,2036.0,CanESM5,historical,
2461,2036.0,CanESM5,ssp370,289.43305444729907
2462,2036.0,ACCESS-CM2,historical,
2463,2036.0,ACCESS-CM2,ssp370,289.05780758425766
2464,2036.0,EC-Earth3,historical,
2465,2036.0,EC-Earth3,ssp370,288.98032819649706
2466,2037.0,CESM2,historical,
2467,2037.0,CESM2,ssp370,289.0481623299881
2468,2037.0,MPI-ESM1-2-LR,historical,
2469,2037.0,MPI-ESM1-2-LR,ssp370,288.1422385126509
2470,2037.0,CNRM-ESM2-1,historical,
2471,2037.0,CNRM-ESM2-1,ssp370,288.06335412723575
2472,2037.0,EC-Earth3-Veg,historical,
2473,2037.0,EC-Earth3-Veg,ssp370,288.9735019722028
2474,2037.0,FGOALS-g3,historical,
2475,2037.0,FGOALS-g3,ssp370,289.0004925908831
2476,2037.0,UKESM1-0-LL,historical,
2477,2037.0,UKESM1-0-LL,ssp370,288.71919344836124
2478,2037.0,CanESM5,historical,
2479,2037.0,CanESM5,ssp370,289.44049623549967
2480,2037.0,ACCESS-CM2,historical,
2481,2037.0,ACCESS-CM2,ssp370,289.26814185753426
2482,2037.0,EC-Earth3,historical,
2483,2037.0,EC-Earth3,ssp370,289.00942834007407
2484,2038.0,CESM2,historical,
2485,2038.0,CESM2,ssp370,288.734991239184
2486,2038.0,MPI-ESM1-2-LR,historical,
2487,2038.0,MPI-ESM1-2-LR,ssp370,288.0158777463328
2488,2038.0,CNRM-ESM2-1,historical,
2489,2038.0,CNRM-ESM2-1,ssp370,288.2062962426283
2490,2038.0,EC-Earth3-Veg,historical,
2491,2038.0,EC-Earth3-Veg,ssp370,288.9586047651475
2492,2038.0,FGOALS-g3,historical,
2493,2038.0,FGOALS-g3,ssp370,289.1049890652606
2494,2038.0,UKESM1-0-LL,historical,
2495,2038.0,UKESM1-0-LL,ssp370,288.77584818462526
2496,2038.0,CanESM5,historical,
2497,2038.0,CanESM5,ssp370,289.4738335937446
2498,2038.0,ACCESS-CM2,historical,
2499,2038.0,ACCESS-CM2,ssp370,289.3435702756804
2500,2038.0,EC-Earth3,historical,
2501,2038.0,EC-Earth3,ssp370,289.10833008837835
2502,2039.0,CESM2,historical,
2503,2039.0,CESM2,ssp370,288.77482823471473
2504,2039.0,MPI-ESM1-2-LR,historical,
2505,2039.0,MPI-ESM1-2-LR,ssp370,288.1775004566331
2506,2039.0,CNRM-ESM2-1,historical,
2507,2039.0,CNRM-ESM2-1,ssp370,288.3933103382272
2508,2039.0,EC-Earth3-Veg,historical,
2509,2039.0,EC-Earth3-Veg,ssp370,289.1869928386912
2510,2039.0,FGOALS-g3,historical,
2511,2039.0,FGOALS-g3,ssp370,288.9609198333293
2512,2039.0,UKESM1-0-LL,historical,
2513,2039.0,UKESM1-0-LL,ssp370,288.85310702976625
2514,2039.0,CanESM5,historical,
2515,2039.0,CanESM5,ssp370,289.3449648104446
2516,2039.0,ACCESS-CM2,historical,
2517,2039.0,ACCESS-CM2,ssp370,289.07905529771006
2518,2039.0,EC-Earth3,historical,
2519,2039.0,EC-Earth3,ssp370,289.21109256329356
2520,2040.0,CESM2,historical,
2521,2040.0,CESM2,ssp370,288.9653069324476
2522,2040.0,MPI-ESM1-2-LR,historical,
2523,2040.0,MPI-ESM1-2-LR,ssp370,288.21948447539023
2524,2040.0,CNRM-ESM2-1,historical,
2525,2040.0,CNRM-ESM2-1,ssp370,288.32633276596624
2526,2040.0,EC-Earth3-Veg,historical,
2527,2040.0,EC-Earth3-Veg,ssp370,289.0711909366826
2528,2040.0,FGOALS-g3,historical,
2529,2040.0,FGOALS-g3,ssp370,289.0795478330354
2530,2040.0,UKESM1-0-LL,historical,
2531,2040.0,UKESM1-0-LL,ssp370,289.08971848014295
2532,2040.0,CanESM5,historical,
2533,2040.0,CanESM5,ssp370,289.374836305859
2534,2040.0,ACCESS-CM2,historical,
2535,2040.0,ACCESS-CM2,ssp370,289.2064662876835
2536,2040.0,EC-Earth3,historical,
2537,2040.0,EC-Earth3,ssp370,289.244045854922
2538,2041.0,CESM2,historical,
2539,2041.0,CESM2,ssp370,288.89805360474367
2540,2041.0,MPI-ESM1-2-LR,historical,
2541,2041.0,MPI-ESM1-2-LR,ssp370,288.32531060026554
2542,2041.0,CNRM-ESM2-1,historical,
2543,2041.0,CNRM-ESM2-1,ssp370,288.4724999865609
2544,2041.0,EC-Earth3-Veg,historical,
2545,2041.0,EC-Earth3-Veg,ssp370,288.88167608977454
2546,2041.0,FGOALS-g3,historical,
2547,2041.0,FGOALS-g3,ssp370,289.0183547032014
2548,2041.0,UKESM1-0-LL,historical,
2549,2041.0,UKESM1-0-LL,ssp370,288.97034130180094
2550,2041.0,CanESM5,historical,
2551,2041.0,CanESM5,ssp370,289.39855892030016
2552,2041.0,ACCESS-CM2,historical,
2553,2041.0,ACCESS-CM2,ssp370,289.3005705584456
2554,2041.0,EC-Earth3,historical,
2555,2041.0,EC-Earth3,ssp370,289.10550834740724
2556,2042.0,CESM2,historical,
2557,2042.0,CESM2,ssp370,288.84622069401723
2558,2042.0,MPI-ESM1-2-LR,historical,
2559,2042.0,MPI-ESM1-2-LR,ssp370,288.2946223593709
2560,2042.0,CNRM-ESM2-1,historical,
2561,2042.0,CNRM-ESM2-1,ssp370,288.42960393686235
2562,2042.0,EC-Earth3-Veg,historical,
2563,2042.0,EC-Earth3-Veg,ssp370,288.9468510220536
2564,2042.0,FGOALS-g3,historical,
2565,2042.0,FGOALS-g3,ssp370,288.9540684478052
2566,2042.0,UKESM1-0-LL,historical,
2567,2042.0,UKESM1-0-LL,ssp370,288.874146134663
2568,2042.0,CanESM5,historical,
2569,2042.0,CanESM5,ssp370,289.5902957519852
2570,2042.0,ACCESS-CM2,historical,
2571,2042.0,ACCESS-CM2,ssp370,289.3221645854122
2572,2042.0,EC-Earth3,historical,
2573,2042.0,EC-Earth3,ssp370,289.3002941527272
2574,2043.0,CESM2,historical,
2575,2043.0,CESM2,ssp370,289.1535325556228
2576,2043.0,MPI-ESM1-2-LR,historical,
2577,2043.0,MPI-ESM1-2-LR,ssp370,288.6287864251721
2578,2043.0,CNRM-ESM2-1,historical,
2579,2043.0,CNRM-ESM2-1,ssp370,288.7562752220697
2580,2043.0,EC-Earth3-Veg,historical,
2581,2043.0,EC-Earth3-Veg,ssp370,289.10595606184967
2582,2043.0,FGOALS-g3,historical,
2583,2043.0,FGOALS-g3,ssp370,288.977608170956
2584,2043.0,UKESM1-0-LL,historical,
2585,2043.0,UKESM1-0-LL,ssp370,288.85171679071067
2586,2043.0,CanESM5,historical,
2587,2043.0,CanESM5,ssp370,289.6476434440046
2588,2043.0,ACCESS-CM2,historical,
2589,2043.0,ACCESS-CM2,ssp370,289.26302536512276
2590,2043.0,EC-Earth3,historical,
2591,2043.0,EC-Earth3,ssp370,289.41577841628083
2592,2044.0,CESM2,historical,
2593,2044.0,CESM2,ssp370,289.2046828504693
2594,2044.0,MPI-ESM1-2-LR,historical,
2595,2044.0,MPI-ESM1-2-LR,ssp370,288.5999622047283
2596,2044.0,CNRM-ESM2-1,historical,
2597,2044.0,CNRM-ESM2-1,ssp370,288.50736462522235
2598,2044.0,EC-Earth3-Veg,historical,
2599,2044.0,EC-Earth3-Veg,ssp370,289.06080513401105
2600,2044.0,FGOALS-g3,historical,
2601,2044.0,FGOALS-g3,ssp370,289.073294559579
2602,2044.0,UKESM1-0-LL,historical,
2603,2044.0,UKESM1-0-LL,ssp370,289.121782966485
2604,2044.0,CanESM5,historical,
2605,2044.0,CanESM5,ssp370,289.62323721225647
2606,2044.0,ACCESS-CM2,historical,
2607,2044.0,ACCESS-CM2,ssp370,289.33732962937836
2608,2044.0,EC-Earth3,historical,
2609,2044.0,EC-Earth3,ssp370,289.1776043296946
2610,2045.0,CESM2,historical,
2611,2045.0,CESM2,ssp370,289.0843195669159
2612,2045.0,MPI-ESM1-2-LR,historical,
2613,2045.0,MPI-ESM1-2-LR,ssp370,288.5226068543679
2614,2045.0,CNRM-ESM2-1,historical,
2615,2045.0,CNRM-ESM2-1,ssp370,288.59564585775786
2616,2045.0,EC-Earth3-Veg,historical,
2617,2045.0,EC-Earth3-Veg,ssp370,289.10793932640007
2618,2045.0,FGOALS-g3,historical,
2619,2045.0,FGOALS-g3,ssp370,289.1522281622479
2620,2045.0,UKESM1-0-LL,historical,
2621,2045.0,UKESM1-0-LL,ssp370,289.1827069438176
2622,2045.0,CanESM5,historical,
2623,2045.0,CanESM5,ssp370,289.68393976334795
2624,2045.0,ACCESS-CM2,historical,
2625,2045.0,ACCESS-CM2,ssp370,289.59662738856537
2626,2045.0,EC-Earth3,historical,
2627,2045.0,EC-Earth3,ssp370,289.3451231028485
2628,2046.0,CESM2,historical,
2629,2046.0,CESM2,ssp370,289.14683740715884
2630,2046.0,MPI-ESM1-2-LR,historical,
2631,2046.0,MPI-ESM1-2-LR,ssp370,288.4962675224985
2632,2046.0,CNRM-ESM2-1,historical,
2633,2046.0,CNRM-ESM2-1,ssp370,288.6994118281879
2634,2046.0,EC-Earth3-Veg,historical,
2635,2046.0,EC-Earth3-Veg,ssp370,289.27625008562455
2636,2046.0,FGOALS-g3,historical,
2637,2046.0,FGOALS-g3,ssp370,289.07463867723936
2638,2046.0,UKESM1-0-LL,historical,
2639,2046.0,UKESM1-0-LL,ssp370,289.1507160008695
2640,2046.0,CanESM5,historical,
2641,2046.0,CanESM5,ssp370,289.89612256400005
2642,2046.0,ACCESS-CM2,historical,
2643,2046.0,ACCESS-CM2,ssp370,289.43156228226115
2644,2046.0,EC-Earth3,historical,
2645,2046.0,EC-Earth3,ssp370,289.4744228176925
2646,2047.0,CESM2,historical,
2647,2047.0,CESM2,ssp370,289.1568039699376
2648,2047.0,MPI-ESM1-2-LR,historical,
2649,2047.0,MPI-ESM1-2-LR,ssp370,288.59653767524026
2650,2047.0,CNRM-ESM2-1,historical,
2651,2047.0,CNRM-ESM2-1,ssp370,288.75915515409224
2652,2047.0,EC-Earth3-Veg,historical,
2653,2047.0,EC-Earth3-Veg,ssp370,289.4344013303176
2654,2047.0,FGOALS-g3,historical,
2655,2047.0,FGOALS-g3,ssp370,289.32817067183765
2656,2047.0,UKESM1-0-LL,historical,
2657,2047.0,UKESM1-0-LL,ssp370,289.26673115037346
2658,2047.0,CanESM5,historical,
2659,2047.0,CanESM5,ssp370,290.0418424386757
2660,2047.0,ACCESS-CM2,historical,
2661,2047.0,ACCESS-CM2,ssp370,289.4296100296446
2662,2047.0,EC-Earth3,historical,
2663,2047.0,EC-Earth3,ssp370,289.4436512612728
2664,2048.0,CESM2,historical,
2665,2048.0,CESM2,ssp370,289.35054278225806
2666,2048.0,MPI-ESM1-2-LR,historical,
2667,2048.0,MPI-ESM1-2-LR,ssp370,288.65210063514525
2668,2048.0,CNRM-ESM2-1,historical,
2669,2048.0,CNRM-ESM2-1,ssp370,288.6615142532457
2670,2048.0,EC-Earth3-Veg,historical,
2671,2048.0,EC-Earth3-Veg,ssp370,289.3713681469857
2672,2048.0,FGOALS-g3,historical,
2673,2048.0,FGOALS-g3,ssp370,289.2722466217326
2674,2048.0,UKESM1-0-LL,historical,
2675,2048.0,UKESM1-0-LL,ssp370,289.2987450212643
2676,2048.0,CanESM5,historical,
2677,2048.0,CanESM5,ssp370,289.86798326749096
2678,2048.0,ACCESS-CM2,historical,
2679,2048.0,ACCESS-CM2,ssp370,289.58751029806837
2680,2048.0,EC-Earth3,historical,
2681,2048.0,EC-Earth3,ssp370,289.5052130854759
2682,2049.0,CESM2,historical,
2683,2049.0,CESM2,ssp370,289.29421310878917
2684,2049.0,MPI-ESM1-2-LR,historical,
2685,2049.0,MPI-ESM1-2-LR,ssp370,288.75066356684647
2686,2049.0,CNRM-ESM2-1,historical,
2687,2049.0,CNRM-ESM2-1,ssp370,288.79210970526583
2688,2049.0,EC-Earth3-Veg,historical,
2689,2049.0,EC-Earth3-Veg,ssp370,289.3434634355214
2690,2049.0,FGOALS-g3,historical,
2691,2049.0,FGOALS-g3,ssp370,289.13778032954025
2692,2049.0,UKESM1-0-LL,historical,
2693,2049.0,UKESM1-0-LL,ssp370,289.29174955887567
2694,2049.0,CanESM5,historical,
2695,2049.0,CanESM5,ssp370,289.93541938855367
2696,2049.0,ACCESS-CM2,historical,
2697,2049.0,ACCESS-CM2,ssp370,289.8208268902868
2698,2049.0,EC-Earth3,historical,
2699,2049.0,EC-Earth3,ssp370,289.49133260656066
2700,2050.0,CESM2,historical,
2701,2050.0,CESM2,ssp370,289.5158720137358
2702,2050.0,MPI-ESM1-2-LR,historical,
2703,2050.0,MPI-ESM1-2-LR,ssp370,288.7053113401246
2704,2050.0,CNRM-ESM2-1,historical,
2705,2050.0,CNRM-ESM2-1,ssp370,288.7845388716138
2706,2050.0,EC-Earth3-Veg,historical,
2707,2050.0,EC-Earth3-Veg,ssp370,289.2918004432781
2708,2050.0,FGOALS-g3,historical,
2709,2050.0,FGOALS-g3,ssp370,289.2798718862044
2710,2050.0,UKESM1-0-LL,historical,
2711,2050.0,UKESM1-0-LL,ssp370,289.4517742170279
2712,2050.0,CanESM5,historical,
2713,2050.0,CanESM5,ssp370,290.10530166303624
2714,2050.0,ACCESS-CM2,historical,
2715,2050.0,ACCESS-CM2,ssp370,289.6403178195325
2716,2050.0,EC-Earth3,historical,
2717,2050.0,EC-Earth3,ssp370,289.34235242919897
2718,2051.0,CESM2,historical,
2719,2051.0,CESM2,ssp370,289.5123099444381
2720,2051.0,MPI-ESM1-2-LR,historical,
2721,2051.0,MPI-ESM1-2-LR,ssp370,288.66341397420985
2722,2051.0,CNRM-ESM2-1,historical,
2723,2051.0,CNRM-ESM2-1,ssp370,288.6797404328793
2724,2051.0,EC-Earth3-Veg,historical,
2725,2051.0,EC-Earth3-Veg,ssp370,289.3875110307923
2726,2051.0,FGOALS-g3,historical,
2727,2051.0,FGOALS-g3,ssp370,289.3455520234985
2728,2051.0,UKESM1-0-LL,historical,
2729,2051.0,UKESM1-0-LL,ssp370,289.4455681890617
2730,2051.0,CanESM5,historical,
2731,2051.0,CanESM5,ssp370,290.2497748284817
2732,2051.0,ACCESS-CM2,historical,
2733,2051.0,ACCESS-CM2,ssp370,289.6837289612236
2734,2051.0,EC-Earth3,historical,
2735,2051.0,EC-Earth3,ssp370,289.5162098587017
2736,2052.0,CESM2,historical,
2737,2052.0,CESM2,ssp370,289.49136033403323
2738,2052.0,MPI-ESM1-2-LR,historical,
2739,2052.0,MPI-ESM1-2-LR,ssp370,288.76341431238535
2740,2052.0,CNRM-ESM2-1,historical,
2741,2052.0,CNRM-ESM2-1,ssp370,288.740270790191
2742,2052.0,EC-Earth3-Veg,historical,
2743,2052.0,EC-Earth3-Veg,ssp370,289.5181252740562
2744,2052.0,FGOALS-g3,historical,
2745,2052.0,FGOALS-g3,ssp370,289.34502774893707
2746,2052.0,UKESM1-0-LL,historical,
2747,2052.0,UKESM1-0-LL,ssp370,289.57461968374196
2748,2052.0,CanESM5,historical,
2749,2052.0,CanESM5,ssp370,290.2333454924937
2750,2052.0,ACCESS-CM2,historical,
2751,2052.0,ACCESS-CM2,ssp370,289.7894280857074
2752,2052.0,EC-Earth3,historical,
2753,2052.0,EC-Earth3,ssp370,289.6709777322455
2754,2053.0,CESM2,historical,
2755,2053.0,CESM2,ssp370,289.4363728738569
2756,2053.0,MPI-ESM1-2-LR,historical,
2757,2053.0,MPI-ESM1-2-LR,ssp370,288.62591214351295
2758,2053.0,CNRM-ESM2-1,historical,
2759,2053.0,CNRM-ESM2-1,ssp370,288.8582510026556
2760,2053.0,EC-Earth3-Veg,historical,
2761,2053.0,EC-Earth3-Veg,ssp370,289.7441071072809
2762,2053.0,FGOALS-g3,historical,
2763,2053.0,FGOALS-g3,ssp370,289.36448524507966
2764,2053.0,UKESM1-0-LL,historical,
2765,2053.0,UKESM1-0-LL,ssp370,289.4966768555601
2766,2053.0,CanESM5,historical,
2767,2053.0,CanESM5,ssp370,290.33247730509385
2768,2053.0,ACCESS-CM2,historical,
2769,2053.0,ACCESS-CM2,ssp370,289.8741357830058
2770,2053.0,EC-Earth3,historical,
2771,2053.0,EC-Earth3,ssp370,289.8029078903265
2772,2054.0,CESM2,historical,
2773,2054.0,CESM2,ssp370,289.55543054863057
2774,2054.0,MPI-ESM1-2-LR,historical,
2775,2054.0,MPI-ESM1-2-LR,ssp370,288.5677095808176
2776,2054.0,CNRM-ESM2-1,historical,
2777,2054.0,CNRM-ESM2-1,ssp370,288.7631444057137
2778,2054.0,EC-Earth3-Veg,historical,
2779,2054.0,EC-Earth3-Veg,ssp370,289.3990071450662
2780,2054.0,FGOALS-g3,historical,
2781,2054.0,FGOALS-g3,ssp370,289.2607243363092
2782,2054.0,UKESM1-0-LL,historical,
2783,2054.0,UKESM1-0-LL,ssp370,289.6429836018158
2784,2054.0,CanESM5,historical,
2785,2054.0,CanESM5,ssp370,290.3712748234091
2786,2054.0,ACCESS-CM2,historical,
2787,2054.0,ACCESS-CM2,ssp370,289.94345411577405
2788,2054.0,EC-Earth3,historical,
2789,2054.0,EC-Earth3,ssp370,289.56698832611556
2790,2055.0,CESM2,historical,
2791,2055.0,CESM2,ssp370,289.461356210165
2792,2055.0,MPI-ESM1-2-LR,historical,
2793,2055.0,MPI-ESM1-2-LR,ssp370,288.7917762236513
2794,2055.0,CNRM-ESM2-1,historical,
2795,2055.0,CNRM-ESM2-1,ssp370,288.94507408871027
2796,2055.0,EC-Earth3-Veg,historical,
2797,2055.0,EC-Earth3-Veg,ssp370,289.55421362741
2798,2055.0,FGOALS-g3,historical,
2799,2055.0,FGOALS-g3,ssp370,289.2846806705585
2800,2055.0,UKESM1-0-LL,historical,
2801,2055.0,UKESM1-0-LL,ssp370,289.8314326972032
2802,2055.0,CanESM5,historical,
2803,2055.0,CanESM5,ssp370,290.39058994955457
2804,2055.0,ACCESS-CM2,historical,
2805,2055.0,ACCESS-CM2,ssp370,290.0126153020704
2806,2055.0,EC-Earth3,historical,
2807,2055.0,EC-Earth3,ssp370,289.5694355120336
2808,2056.0,CESM2,historical,
2809,2056.0,CESM2,ssp370,289.6866162131275
2810,2056.0,MPI-ESM1-2-LR,historical,
2811,2056.0,MPI-ESM1-2-LR,ssp370,289.0565548996679
2812,2056.0,CNRM-ESM2-1,historical,
2813,2056.0,CNRM-ESM2-1,ssp370,288.71748790298966
2814,2056.0,EC-Earth3-Veg,historical,
2815,2056.0,EC-Earth3-Veg,ssp370,289.54132488162367
2816,2056.0,FGOALS-g3,historical,
2817,2056.0,FGOALS-g3,ssp370,289.3220185895446
2818,2056.0,UKESM1-0-LL,historical,
2819,2056.0,UKESM1-0-LL,ssp370,289.80636237197047
2820,2056.0,CanESM5,historical,
2821,2056.0,CanESM5,ssp370,290.56321917760357
2822,2056.0,ACCESS-CM2,historical,
2823,2056.0,ACCESS-CM2,ssp370,290.0511069654987
2824,2056.0,EC-Earth3,historical,
2825,2056.0,EC-Earth3,ssp370,289.7439048976048
2826,2057.0,CESM2,historical,
2827,2057.0,CESM2,ssp370,289.5558600983575
2828,2057.0,MPI-ESM1-2-LR,historical,
2829,2057.0,MPI-ESM1-2-LR,ssp370,288.83648965149297
2830,2057.0,CNRM-ESM2-1,historical,
2831,2057.0,CNRM-ESM2-1,ssp370,288.98377605243473
2832,2057.0,EC-Earth3-Veg,historical,
2833,2057.0,EC-Earth3-Veg,ssp370,289.6126918481476
2834,2057.0,FGOALS-g3,historical,
2835,2057.0,FGOALS-g3,ssp370,289.29282550393503
2836,2057.0,UKESM1-0-LL,historical,
2837,2057.0,UKESM1-0-LL,ssp370,289.74350434727336
2838,2057.0,CanESM5,historical,
2839,2057.0,CanESM5,ssp370,290.56667567045923
2840,2057.0,ACCESS-CM2,historical,
2841,2057.0,ACCESS-CM2,ssp370,290.01931578901224
2842,2057.0,EC-Earth3,historical,
2843,2057.0,EC-Earth3,ssp370,290.0216289706606
2844,2058.0,CESM2,historical,
2845,2058.0,CESM2,ssp370,289.80086650177213
2846,2058.0,MPI-ESM1-2-LR,historical,
2847,2058.0,MPI-ESM1-2-LR,ssp370,288.75032670808014
2848,2058.0,CNRM-ESM2-1,historical,
2849,2058.0,CNRM-ESM2-1,ssp370,289.04686486351756
2850,2058.0,EC-Earth3-Veg,historical,
2851,2058.0,EC-Earth3-Veg,ssp370,289.7088265342905
2852,2058.0,FGOALS-g3,historical,
2853,2058.0,FGOALS-g3,ssp370,289.38581398748164
2854,2058.0,UKESM1-0-LL,historical,
2855,2058.0,UKESM1-0-LL,ssp370,289.86701367585175
2856,2058.0,CanESM5,historical,
2857,2058.0,CanESM5,ssp370,290.75048211232416
2858,2058.0,ACCESS-CM2,historical,
2859,2058.0,ACCESS-CM2,ssp370,290.1568897691637
2860,2058.0,EC-Earth3,historical,
2861,2058.0,EC-Earth3,ssp370,289.80565157009534
2862,2059.0,CESM2,historical,
2863,2059.0,CESM2,ssp370,289.9400428291237
2864,2059.0,MPI-ESM1-2-LR,historical,
2865,2059.0,MPI-ESM1-2-LR,ssp370,288.9473911216888
2866,2059.0,CNRM-ESM2-1,historical,
2867,2059.0,CNRM-ESM2-1,ssp370,289.04278966787575
2868,2059.0,EC-Earth3-Veg,historical,
2869,2059.0,EC-Earth3-Veg,ssp370,289.8256340119273
2870,2059.0,FGOALS-g3,historical,
2871,2059.0,FGOALS-g3,ssp370,289.42386231260576
2872,2059.0,UKESM1-0-LL,historical,
2873,2059.0,UKESM1-0-LL,ssp370,289.9650204460529
2874,2059.0,CanESM5,historical,
2875,2059.0,CanESM5,ssp370,290.6337585549922
2876,2059.0,ACCESS-CM2,historical,
2877,2059.0,ACCESS-CM2,ssp370,290.00236135131456
2878,2059.0,EC-Earth3,historical,
2879,2059.0,EC-Earth3,ssp370,289.9000244823347
2880,2060.0,CESM2,historical,
2881,2060.0,CESM2,ssp370,290.0026035459666
2882,2060.0,MPI-ESM1-2-LR,historical,
2883,2060.0,MPI-ESM1-2-LR,ssp370,289.1059871199105
2884,2060.0,CNRM-ESM2-1,historical,
2885,2060.0,CNRM-ESM2-1,ssp370,289.18646065358735
2886,2060.0,EC-Earth3-Veg,historical,
2887,2060.0,EC-Earth3-Veg,ssp370,289.93821760566635
2888,2060.0,FGOALS-g3,historical,
2889,2060.0,FGOALS-g3,ssp370,289.53909634343233
2890,2060.0,UKESM1-0-LL,historical,
2891,2060.0,UKESM1-0-LL,ssp370,290.04584261567015
2892,2060.0,CanESM5,historical,
2893,2060.0,CanESM5,ssp370,290.8041492472967
2894,2060.0,ACCESS-CM2,historical,
2895,2060.0,ACCESS-CM2,ssp370,290.0341402399262
2896,2060.0,EC-Earth3,historical,
2897,2060.0,EC-Earth3,ssp370,290.0323545484017
2898,2061.0,CESM2,historical,
2899,2061.0,CESM2,ssp370,289.8024121684735
2900,2061.0,MPI-ESM1-2-LR,historical,
2901,2061.0,MPI-ESM1-2-LR,ssp370,289.10488323949204
2902,2061.0,CNRM-ESM2-1,historical,
2903,2061.0,CNRM-ESM2-1,ssp370,289.1524759671724
2904,2061.0,EC-Earth3-Veg,historical,
2905,2061.0,EC-Earth3-Veg,ssp370,289.9448393007471
2906,2061.0,FGOALS-g3,historical,
2907,2061.0,FGOALS-g3,ssp370,289.4660292385223
2908,2061.0,UKESM1-0-LL,historical,
2909,2061.0,UKESM1-0-LL,ssp370,290.13951060230386
2910,2061.0,CanESM5,historical,
2911,2061.0,CanESM5,ssp370,290.92220612654796
2912,2061.0,ACCESS-CM2,historical,
2913,2061.0,ACCESS-CM2,ssp370,290.2808602315543
2914,2061.0,EC-Earth3,historical,
2915,2061.0,EC-Earth3,ssp370,290.2397268421677
2916,2062.0,CESM2,historical,
2917,2062.0,CESM2,ssp370,290.05883995430213
2918,2062.0,MPI-ESM1-2-LR,historical,
2919,2062.0,MPI-ESM1-2-LR,ssp370,289.06019935777283
2920,2062.0,CNRM-ESM2-1,historical,
2921,2062.0,CNRM-ESM2-1,ssp370,289.3451860488595
2922,2062.0,EC-Earth3-Veg,historical,
2923,2062.0,EC-Earth3-Veg,ssp370,289.83696776790225
2924,2062.0,FGOALS-g3,historical,
2925,2062.0,FGOALS-g3,ssp370,289.4717929714897
2926,2062.0,UKESM1-0-LL,historical,
2927,2062.0,UKESM1-0-LL,ssp370,290.3225579540304
2928,2062.0,CanESM5,historical,
2929,2062.0,CanESM5,ssp370,290.9133147927618
2930,2062.0,ACCESS-CM2,historical,
2931,2062.0,ACCESS-CM2,ssp370,290.22069043478086
2932,2062.0,EC-Earth3,historical,
2933,2062.0,EC-Earth3,ssp370,290.2069976823238
2934,2063.0,CESM2,historical,
2935,2063.0,CESM2,ssp370,289.9801164433486
2936,2063.0,MPI-ESM1-2-LR,historical,
2937,2063.0,MPI-ESM1-2-LR,ssp370,289.1889119904215
2938,2063.0,CNRM-ESM2-1,historical,
2939,2063.0,CNRM-ESM2-1,ssp370,289.4591161345241
2940,2063.0,EC-Earth3-Veg,historical,
2941,2063.0,EC-Earth3-Veg,ssp370,289.8935762666129
2942,2063.0,FGOALS-g3,historical,
2943,2063.0,FGOALS-g3,ssp370,289.51077502890854
2944,2063.0,UKESM1-0-LL,historical,
2945,2063.0,UKESM1-0-LL,ssp370,290.0996033251795
2946,2063.0,CanESM5,historical,
2947,2063.0,CanESM5,ssp370,290.93729329186596
2948,2063.0,ACCESS-CM2,historical,
2949,2063.0,ACCESS-CM2,ssp370,290.24543684723665
2950,2063.0,EC-Earth3,historical,
2951,2063.0,EC-Earth3,ssp370,290.07606699702393
2952,2064.0,CESM2,historical,
2953,2064.0,CESM2,ssp370,289.68234978669653
2954,2064.0,MPI-ESM1-2-LR,historical,
2955,2064.0,MPI-ESM1-2-LR,ssp370,289.15430282179517
2956,2064.0,CNRM-ESM2-1,historical,
2957,2064.0,CNRM-ESM2-1,ssp370,289.4068803017016
2958,2064.0,EC-Earth3-Veg,historical,
2959,2064.0,EC-Earth3-Veg,ssp370,290.0587781671209
2960,2064.0,FGOALS-g3,historical,
2961,2064.0,FGOALS-g3,ssp370,289.6107959802866
2962,2064.0,UKESM1-0-LL,historical,
2963,2064.0,UKESM1-0-LL,ssp370,290.267583613691
2964,2064.0,CanESM5,historical,
2965,2064.0,CanESM5,ssp370,290.9769573070332
2966,2064.0,ACCESS-CM2,historical,
2967,2064.0,ACCESS-CM2,ssp370,290.2275621063321
2968,2064.0,EC-Earth3,historical,
2969,2064.0,EC-Earth3,ssp370,290.0766233100174
2970,2065.0,CESM2,historical,
2971,2065.0,CESM2,ssp370,289.88688327523454
2972,2065.0,MPI-ESM1-2-LR,historical,
2973,2065.0,MPI-ESM1-2-LR,ssp370,289.04052609417937
2974,2065.0,CNRM-ESM2-1,historical,
2975,2065.0,CNRM-ESM2-1,ssp370,289.44268950115065
2976,2065.0,EC-Earth3-Veg,historical,
2977,2065.0,EC-Earth3-Veg,ssp370,289.9749246642257
2978,2065.0,FGOALS-g3,historical,
2979,2065.0,FGOALS-g3,ssp370,289.60566064047595
2980,2065.0,UKESM1-0-LL,historical,
2981,2065.0,UKESM1-0-LL,ssp370,290.45180856878324
2982,2065.0,CanESM5,historical,
2983,2065.0,CanESM5,ssp370,290.8686849789313
2984,2065.0,ACCESS-CM2,historical,
2985,2065.0,ACCESS-CM2,ssp370,290.34607018278786
2986,2065.0,EC-Earth3,historical,
2987,2065.0,EC-Earth3,ssp370,290.16643675596146
2988,2066.0,CESM2,historical,
2989,2066.0,CESM2,ssp370,290.0239974934151
2990,2066.0,MPI-ESM1-2-LR,historical,
2991,2066.0,MPI-ESM1-2-LR,ssp370,289.10889921702733
2992,2066.0,CNRM-ESM2-1,historical,
2993,2066.0,CNRM-ESM2-1,ssp370,289.4731055205702
2994,2066.0,EC-Earth3-Veg,historical,
2995,2066.0,EC-Earth3-Veg,ssp370,290.1929401438302
2996,2066.0,FGOALS-g3,historical,
2997,2066.0,FGOALS-g3,ssp370,289.6451588716514
2998,2066.0,UKESM1-0-LL,historical,
2999,2066.0,UKESM1-0-LL,ssp370,290.3707022170251
3000,2066.0,CanESM5,historical,
3001,2066.0,CanESM5,ssp370,291.041796688436
3002,2066.0,ACCESS-CM2,historical,
3003,2066.0,ACCESS-CM2,ssp370,290.3639772242516
3004,2066.0,EC-Earth3,historical,
3005,2066.0,EC-Earth3,ssp370,290.419365541792
3006,2067.0,CESM2,historical,
3007,2067.0,CESM2,ssp370,289.83834739500884
3008,2067.0,MPI-ESM1-2-LR,historical,
3009,2067.0,MPI-ESM1-2-LR,ssp370,289.1719622050801
3010,2067.0,CNRM-ESM2-1,historical,
3011,2067.0,CNRM-ESM2-1,ssp370,289.5622360201442
3012,2067.0,EC-Earth3-Veg,historical,
3013,2067.0,EC-Earth3-Veg,ssp370,290.47954320671175
3014,2067.0,FGOALS-g3,historical,
3015,2067.0,FGOALS-g3,ssp370,289.54201289262204
3016,2067.0,UKESM1-0-LL,historical,
3017,2067.0,UKESM1-0-LL,ssp370,290.4819353781395
3018,2067.0,CanESM5,historical,
3019,2067.0,CanESM5,ssp370,291.127349772522
3020,2067.0,ACCESS-CM2,historical,
3021,2067.0,ACCESS-CM2,ssp370,290.4408959699187
3022,2067.0,EC-Earth3,historical,
3023,2067.0,EC-Earth3,ssp370,290.30903583154026
3024,2068.0,CESM2,historical,
3025,2068.0,CESM2,ssp370,290.0658522447876
3026,2068.0,MPI-ESM1-2-LR,historical,
3027,2068.0,MPI-ESM1-2-LR,ssp370,289.1317442040344
3028,2068.0,CNRM-ESM2-1,historical,
3029,2068.0,CNRM-ESM2-1,ssp370,289.5885184691824
3030,2068.0,EC-Earth3-Veg,historical,
3031,2068.0,EC-Earth3-Veg,ssp370,290.4915839929068
3032,2068.0,FGOALS-g3,historical,
3033,2068.0,FGOALS-g3,ssp370,289.69157239584746
3034,2068.0,UKESM1-0-LL,historical,
3035,2068.0,UKESM1-0-LL,ssp370,290.6687294479695
3036,2068.0,CanESM5,historical,
3037,2068.0,CanESM5,ssp370,291.24514252284285
3038,2068.0,ACCESS-CM2,historical,
3039,2068.0,ACCESS-CM2,ssp370,290.6888830114678
3040,2068.0,EC-Earth3,historical,
3041,2068.0,EC-Earth3,ssp370,290.36203885281344
3042,2069.0,CESM2,historical,
3043,2069.0,CESM2,ssp370,290.2419562170478
3044,2069.0,MPI-ESM1-2-LR,historical,
3045,2069.0,MPI-ESM1-2-LR,ssp370,289.10202274833256
3046,2069.0,CNRM-ESM2-1,historical,
3047,2069.0,CNRM-ESM2-1,ssp370,289.78694380142787
3048,2069.0,EC-Earth3-Veg,historical,
3049,2069.0,EC-Earth3-Veg,ssp370,290.1640130710826
3050,2069.0,FGOALS-g3,historical,
3051,2069.0,FGOALS-g3,ssp370,289.6392017393246
3052,2069.0,UKESM1-0-LL,historical,
3053,2069.0,UKESM1-0-LL,ssp370,290.7757968806161
3054,2069.0,CanESM5,historical,
3055,2069.0,CanESM5,ssp370,291.41162992965445
3056,2069.0,ACCESS-CM2,historical,
3057,2069.0,ACCESS-CM2,ssp370,290.590604297948
3058,2069.0,EC-Earth3,historical,
3059,2069.0,EC-Earth3,ssp370,290.5613143712962
3060,2070.0,CESM2,historical,
3061,2070.0,CESM2,ssp370,290.06763388551786
3062,2070.0,MPI-ESM1-2-LR,historical,
3063,2070.0,MPI-ESM1-2-LR,ssp370,289.17549234417845
3064,2070.0,CNRM-ESM2-1,historical,
3065,2070.0,CNRM-ESM2-1,ssp370,289.52486150810233
3066,2070.0,EC-Earth3-Veg,historical,
3067,2070.0,EC-Earth3-Veg,ssp370,290.13622457183254
3068,2070.0,FGOALS-g3,historical,
3069,2070.0,FGOALS-g3,ssp370,289.7594365219297
3070,2070.0,UKESM1-0-LL,historical,
3071,2070.0,UKESM1-0-LL,ssp370,290.85009847418974
3072,2070.0,CanESM5,historical,
3073,2070.0,CanESM5,ssp370,291.3689364926823
3074,2070.0,ACCESS-CM2,historical,
3075,2070.0,ACCESS-CM2,ssp370,290.8078670866428
3076,2070.0,EC-Earth3,historical,
3077,2070.0,EC-Earth3,ssp370,290.5419832942092
3078,2071.0,CESM2,historical,
3079,2071.0,CESM2,ssp370,290.18565961648903
3080,2071.0,MPI-ESM1-2-LR,historical,
3081,2071.0,MPI-ESM1-2-LR,ssp370,289.3983397207796
3082,2071.0,CNRM-ESM2-1,historical,
3083,2071.0,CNRM-ESM2-1,ssp370,289.6486251485514
3084,2071.0,EC-Earth3-Veg,historical,
3085,2071.0,EC-Earth3-Veg,ssp370,290.406210780678
3086,2071.0,FGOALS-g3,historical,
3087,2071.0,FGOALS-g3,ssp370,289.78016923152256
3088,2071.0,UKESM1-0-LL,historical,
3089,2071.0,UKESM1-0-LL,ssp370,290.9579592080153
3090,2071.0,CanESM5,historical,
3091,2071.0,CanESM5,ssp370,291.2566813170828
3092,2071.0,ACCESS-CM2,historical,
3093,2071.0,ACCESS-CM2,ssp370,290.7529876513638
3094,2071.0,EC-Earth3,historical,
3095,2071.0,EC-Earth3,ssp370,290.4706815198352
3096,2072.0,CESM2,historical,
3097,2072.0,CESM2,ssp370,290.35211080747854
3098,2072.0,MPI-ESM1-2-LR,historical,
3099,2072.0,MPI-ESM1-2-LR,ssp370,289.3894916857203
3100,2072.0,CNRM-ESM2-1,historical,
3101,2072.0,CNRM-ESM2-1,ssp370,289.6952382335983
3102,2072.0,EC-Earth3-Veg,historical,
3103,2072.0,EC-Earth3-Veg,ssp370,290.61520090861836
3104,2072.0,FGOALS-g3,historical,
3105,2072.0,FGOALS-g3,ssp370,289.8783716398445
3106,2072.0,UKESM1-0-LL,historical,
3107,2072.0,UKESM1-0-LL,ssp370,290.79721783387305
3108,2072.0,CanESM5,historical,
3109,2072.0,CanESM5,ssp370,291.41771776771606
3110,2072.0,ACCESS-CM2,historical,
3111,2072.0,ACCESS-CM2,ssp370,290.8897837412735
3112,2072.0,EC-Earth3,historical,
3113,2072.0,EC-Earth3,ssp370,290.35527435377264
3114,2073.0,CESM2,historical,
3115,2073.0,CESM2,ssp370,290.24240016673826
3116,2073.0,MPI-ESM1-2-LR,historical,
3117,2073.0,MPI-ESM1-2-LR,ssp370,289.23178775244804
3118,2073.0,CNRM-ESM2-1,historical,
3119,2073.0,CNRM-ESM2-1,ssp370,289.78943963833467
3120,2073.0,EC-Earth3-Veg,historical,
3121,2073.0,EC-Earth3-Veg,ssp370,290.67963091032306
3122,2073.0,FGOALS-g3,historical,
3123,2073.0,FGOALS-g3,ssp370,289.9129249865843
3124,2073.0,UKESM1-0-LL,historical,
3125,2073.0,UKESM1-0-LL,ssp370,290.85817306345547
3126,2073.0,CanESM5,historical,
3127,2073.0,CanESM5,ssp370,291.51272029588046
3128,2073.0,ACCESS-CM2,historical,
3129,2073.0,ACCESS-CM2,ssp370,290.845043451208
3130,2073.0,EC-Earth3,historical,
3131,2073.0,EC-Earth3,ssp370,290.50705185124093
3132,2074.0,CESM2,historical,
3133,2074.0,CESM2,ssp370,290.3801739742294
3134,2074.0,MPI-ESM1-2-LR,historical,
3135,2074.0,MPI-ESM1-2-LR,ssp370,289.30301420453475
3136,2074.0,CNRM-ESM2-1,historical,
3137,2074.0,CNRM-ESM2-1,ssp370,289.88166630761384
3138,2074.0,EC-Earth3-Veg,historical,
3139,2074.0,EC-Earth3-Veg,ssp370,290.49979784484907
3140,2074.0,FGOALS-g3,historical,
3141,2074.0,FGOALS-g3,ssp370,289.85630105263243
3142,2074.0,UKESM1-0-LL,historical,
3143,2074.0,UKESM1-0-LL,ssp370,290.98154931892014
3144,2074.0,CanESM5,historical,
3145,2074.0,CanESM5,ssp370,291.59857776475627
3146,2074.0,ACCESS-CM2,historical,
3147,2074.0,ACCESS-CM2,ssp370,290.950745283971
3148,2074.0,EC-Earth3,historical,
3149,2074.0,EC-Earth3,ssp370,290.57615031665784
3150,2075.0,CESM2,historical,
3151,2075.0,CESM2,ssp370,290.3769065930005
3152,2075.0,MPI-ESM1-2-LR,historical,
3153,2075.0,MPI-ESM1-2-LR,ssp370,289.4154671257934
3154,2075.0,CNRM-ESM2-1,historical,
3155,2075.0,CNRM-ESM2-1,ssp370,290.0812649133156
3156,2075.0,EC-Earth3-Veg,historical,
3157,2075.0,EC-Earth3-Veg,ssp370,290.8129363777152
3158,2075.0,FGOALS-g3,historical,
3159,2075.0,FGOALS-g3,ssp370,289.87727760875606
3160,2075.0,UKESM1-0-LL,historical,
3161,2075.0,UKESM1-0-LL,ssp370,291.1085399116932
3162,2075.0,CanESM5,historical,
3163,2075.0,CanESM5,ssp370,291.5313799106727
3164,2075.0,ACCESS-CM2,historical,
3165,2075.0,ACCESS-CM2,ssp370,291.05207003555984
3166,2075.0,EC-Earth3,historical,
3167,2075.0,EC-Earth3,ssp370,290.8131020745408
3168,2076.0,CESM2,historical,
3169,2076.0,CESM2,ssp370,290.42474820646163
3170,2076.0,MPI-ESM1-2-LR,historical,
3171,2076.0,MPI-ESM1-2-LR,ssp370,289.6051627968782
3172,2076.0,CNRM-ESM2-1,historical,
3173,2076.0,CNRM-ESM2-1,ssp370,290.0587473349516
3174,2076.0,EC-Earth3-Veg,historical,
3175,2076.0,EC-Earth3-Veg,ssp370,290.9644627544561
3176,2076.0,FGOALS-g3,historical,
3177,2076.0,FGOALS-g3,ssp370,289.902340093075
3178,2076.0,UKESM1-0-LL,historical,
3179,2076.0,UKESM1-0-LL,ssp370,291.26874280798324
3180,2076.0,CanESM5,historical,
3181,2076.0,CanESM5,ssp370,291.6195259813055
3182,2076.0,ACCESS-CM2,historical,
3183,2076.0,ACCESS-CM2,ssp370,291.07200479691534
3184,2076.0,EC-Earth3,historical,
3185,2076.0,EC-Earth3,ssp370,290.4674415043965
3186,2077.0,CESM2,historical,
3187,2077.0,CESM2,ssp370,290.6006313106965
3188,2077.0,MPI-ESM1-2-LR,historical,
3189,2077.0,MPI-ESM1-2-LR,ssp370,289.41684943532204
3190,2077.0,CNRM-ESM2-1,historical,
3191,2077.0,CNRM-ESM2-1,ssp370,290.15857391427534
3192,2077.0,EC-Earth3-Veg,historical,
3193,2077.0,EC-Earth3-Veg,ssp370,290.5813202769299
3194,2077.0,FGOALS-g3,historical,
3195,2077.0,FGOALS-g3,ssp370,289.8562847191268
3196,2077.0,UKESM1-0-LL,historical,
3197,2077.0,UKESM1-0-LL,ssp370,291.08353756972093
3198,2077.0,CanESM5,historical,
3199,2077.0,CanESM5,ssp370,291.6650939050456
3200,2077.0,ACCESS-CM2,historical,
3201,2077.0,ACCESS-CM2,ssp370,291.1398105170995
3202,2077.0,EC-Earth3,historical,
3203,2077.0,EC-Earth3,ssp370,290.81316839927575
3204,2078.0,CESM2,historical,
3205,2078.0,CESM2,ssp370,290.49698580879533
3206,2078.0,MPI-ESM1-2-LR,historical,
3207,2078.0,MPI-ESM1-2-LR,ssp370,289.6434736341713
3208,2078.0,CNRM-ESM2-1,historical,
3209,2078.0,CNRM-ESM2-1,ssp370,290.0432746092337
3210,2078.0,EC-Earth3-Veg,historical,
3211,2078.0,EC-Earth3-Veg,ssp370,290.7322603832111
3212,2078.0,FGOALS-g3,historical,
3213,2078.0,FGOALS-g3,ssp370,290.02347276426707
3214,2078.0,UKESM1-0-LL,historical,
3215,2078.0,UKESM1-0-LL,ssp370,291.0476441141412
3216,2078.0,CanESM5,historical,
3217,2078.0,CanESM5,ssp370,291.87968030363504
3218,2078.0,ACCESS-CM2,historical,
3219,2078.0,ACCESS-CM2,ssp370,291.0234858586918
3220,2078.0,EC-Earth3,historical,
3221,2078.0,EC-Earth3,ssp370,291.07533772053324
3222,2079.0,CESM2,historical,
3223,2079.0,CESM2,ssp370,290.63962823520154
3224,2079.0,MPI-ESM1-2-LR,historical,
3225,2079.0,MPI-ESM1-2-LR,ssp370,289.8957510626813
3226,2079.0,CNRM-ESM2-1,historical,
3227,2079.0,CNRM-ESM2-1,ssp370,290.28775800409073
3228,2079.0,EC-Earth3-Veg,historical,
3229,2079.0,EC-Earth3-Veg,ssp370,291.00217794473673
3230,2079.0,FGOALS-g3,historical,
3231,2079.0,FGOALS-g3,ssp370,290.00807090692354
3232,2079.0,UKESM1-0-LL,historical,
3233,2079.0,UKESM1-0-LL,ssp370,291.2103558124122
3234,2079.0,CanESM5,historical,
3235,2079.0,CanESM5,ssp370,292.0020696316795
3236,2079.0,ACCESS-CM2,historical,
3237,2079.0,ACCESS-CM2,ssp370,291.2996269723912
3238,2079.0,EC-Earth3,historical,
3239,2079.0,EC-Earth3,ssp370,291.0560863840612
3240,2080.0,CESM2,historical,
3241,2080.0,CESM2,ssp370,290.78591153089576
3242,2080.0,MPI-ESM1-2-LR,historical,
3243,2080.0,MPI-ESM1-2-LR,ssp370,289.603557729225
3244,2080.0,CNRM-ESM2-1,historical,
3245,2080.0,CNRM-ESM2-1,ssp370,290.2769755610609
3246,2080.0,EC-Earth3-Veg,historical,
3247,2080.0,EC-Earth3-Veg,ssp370,291.0523223396464
3248,2080.0,FGOALS-g3,historical,
3249,2080.0,FGOALS-g3,ssp370,290.0523442713834
3250,2080.0,UKESM1-0-LL,historical,
3251,2080.0,UKESM1-0-LL,ssp370,291.42620633718076
3252,2080.0,CanESM5,historical,
3253,2080.0,CanESM5,ssp370,291.7270496459896
3254,2080.0,ACCESS-CM2,historical,
3255,2080.0,ACCESS-CM2,ssp370,291.2718910215608
3256,2080.0,EC-Earth3,historical,
3257,2080.0,EC-Earth3,ssp370,290.7293529628974
3258,2081.0,CESM2,historical,
3259,2081.0,CESM2,ssp370,290.70406736662153
3260,2081.0,MPI-ESM1-2-LR,historical,
3261,2081.0,MPI-ESM1-2-LR,ssp370,289.5604738108145
3262,2081.0,CNRM-ESM2-1,historical,
3263,2081.0,CNRM-ESM2-1,ssp370,290.4575236318968
3264,2081.0,EC-Earth3-Veg,historical,
3265,2081.0,EC-Earth3-Veg,ssp370,290.905985310581
3266,2081.0,FGOALS-g3,historical,
3267,2081.0,FGOALS-g3,ssp370,290.0270003631695
3268,2081.0,UKESM1-0-LL,historical,
3269,2081.0,UKESM1-0-LL,ssp370,291.51344165012546
3270,2081.0,CanESM5,historical,
3271,2081.0,CanESM5,ssp370,291.83730201635666
3272,2081.0,ACCESS-CM2,historical,
3273,2081.0,ACCESS-CM2,ssp370,291.3273267731056
3274,2081.0,EC-Earth3,historical,
3275,2081.0,EC-Earth3,ssp370,290.8590109352949
3276,2082.0,CESM2,historical,
3277,2082.0,CESM2,ssp370,290.54162882646096
3278,2082.0,MPI-ESM1-2-LR,historical,
3279,2082.0,MPI-ESM1-2-LR,ssp370,289.66524532478303
3280,2082.0,CNRM-ESM2-1,historical,
3281,2082.0,CNRM-ESM2-1,ssp370,290.25459446094277
3282,2082.0,EC-Earth3-Veg,historical,
3283,2082.0,EC-Earth3-Veg,ssp370,290.9916990496615
3284,2082.0,FGOALS-g3,historical,
3285,2082.0,FGOALS-g3,ssp370,290.10062100760183
3286,2082.0,UKESM1-0-LL,historical,
3287,2082.0,UKESM1-0-LL,ssp370,291.53601501489857
3288,2082.0,CanESM5,historical,
3289,2082.0,CanESM5,ssp370,291.9966919180076
3290,2082.0,ACCESS-CM2,historical,
3291,2082.0,ACCESS-CM2,ssp370,291.43753055418
3292,2082.0,EC-Earth3,historical,
3293,2082.0,EC-Earth3,ssp370,291.0420989963953
3294,2083.0,CESM2,historical,
3295,2083.0,CESM2,ssp370,290.8258966136074
3296,2083.0,MPI-ESM1-2-LR,historical,
3297,2083.0,MPI-ESM1-2-LR,ssp370,289.7462712059627
3298,2083.0,CNRM-ESM2-1,historical,
3299,2083.0,CNRM-ESM2-1,ssp370,290.5006862686333
3300,2083.0,EC-Earth3-Veg,historical,
3301,2083.0,EC-Earth3-Veg,ssp370,291.09163859190585
3302,2083.0,FGOALS-g3,historical,
3303,2083.0,FGOALS-g3,ssp370,290.1298423414045
3304,2083.0,UKESM1-0-LL,historical,
3305,2083.0,UKESM1-0-LL,ssp370,291.620522687481
3306,2083.0,CanESM5,historical,
3307,2083.0,CanESM5,ssp370,291.9573763544798
3308,2083.0,ACCESS-CM2,historical,
3309,2083.0,ACCESS-CM2,ssp370,291.444518155156
3310,2083.0,EC-Earth3,historical,
3311,2083.0,EC-Earth3,ssp370,291.1923896070156
3312,2084.0,CESM2,historical,
3313,2084.0,CESM2,ssp370,290.96734490680507
3314,2084.0,MPI-ESM1-2-LR,historical,
3315,2084.0,MPI-ESM1-2-LR,ssp370,289.81430598521973
3316,2084.0,CNRM-ESM2-1,historical,
3317,2084.0,CNRM-ESM2-1,ssp370,290.6510508525975
3318,2084.0,EC-Earth3-Veg,historical,
3319,2084.0,EC-Earth3-Veg,ssp370,291.43999222721794
3320,2084.0,FGOALS-g3,historical,
3321,2084.0,FGOALS-g3,ssp370,290.1110655917506
3322,2084.0,UKESM1-0-LL,historical,
3323,2084.0,UKESM1-0-LL,ssp370,291.7539327934029
3324,2084.0,CanESM5,historical,
3325,2084.0,CanESM5,ssp370,292.239299230484
3326,2084.0,ACCESS-CM2,historical,
3327,2084.0,ACCESS-CM2,ssp370,291.45984142710046
3328,2084.0,EC-Earth3,historical,
3329,2084.0,EC-Earth3,ssp370,290.8775270179702
3330,2085.0,CESM2,historical,
3331,2085.0,CESM2,ssp370,291.08786482147804
3332,2085.0,MPI-ESM1-2-LR,historical,
3333,2085.0,MPI-ESM1-2-LR,ssp370,289.8107188371446
3334,2085.0,CNRM-ESM2-1,historical,
3335,2085.0,CNRM-ESM2-1,ssp370,290.5392285486636
3336,2085.0,EC-Earth3-Veg,historical,
3337,2085.0,EC-Earth3-Veg,ssp370,291.1165141821994
3338,2085.0,FGOALS-g3,historical,
3339,2085.0,FGOALS-g3,ssp370,290.23711646507144
3340,2085.0,UKESM1-0-LL,historical,
3341,2085.0,UKESM1-0-LL,ssp370,291.66645797289715
3342,2085.0,CanESM5,historical,
3343,2085.0,CanESM5,ssp370,292.24406342957684
3344,2085.0,ACCESS-CM2,historical,
3345,2085.0,ACCESS-CM2,ssp370,291.7192158613519
3346,2085.0,EC-Earth3,historical,
3347,2085.0,EC-Earth3,ssp370,291.07032318664886
3348,2086.0,CESM2,historical,
3349,2086.0,CESM2,ssp370,291.0776190191117
3350,2086.0,MPI-ESM1-2-LR,historical,
3351,2086.0,MPI-ESM1-2-LR,ssp370,289.87751055724215
3352,2086.0,CNRM-ESM2-1,historical,
3353,2086.0,CNRM-ESM2-1,ssp370,290.59102018681466
3354,2086.0,EC-Earth3-Veg,historical,
3355,2086.0,EC-Earth3-Veg,ssp370,291.16879252759
3356,2086.0,FGOALS-g3,historical,
3357,2086.0,FGOALS-g3,ssp370,290.2223552477479
3358,2086.0,UKESM1-0-LL,historical,
3359,2086.0,UKESM1-0-LL,ssp370,291.6997776880356
3360,2086.0,CanESM5,historical,
3361,2086.0,CanESM5,ssp370,292.1643999068015
3362,2086.0,ACCESS-CM2,historical,
3363,2086.0,ACCESS-CM2,ssp370,291.87179872395706
3364,2086.0,EC-Earth3,historical,
3365,2086.0,EC-Earth3,ssp370,291.248948462819
3366,2087.0,CESM2,historical,
3367,2087.0,CESM2,ssp370,291.15111288408815
3368,2087.0,MPI-ESM1-2-LR,historical,
3369,2087.0,MPI-ESM1-2-LR,ssp370,290.01261461773817
3370,2087.0,CNRM-ESM2-1,historical,
3371,2087.0,CNRM-ESM2-1,ssp370,290.68062931135347
3372,2087.0,EC-Earth3-Veg,historical,
3373,2087.0,EC-Earth3-Veg,ssp370,291.3608550321342
3374,2087.0,FGOALS-g3,historical,
3375,2087.0,FGOALS-g3,ssp370,290.3785531705064
3376,2087.0,UKESM1-0-LL,historical,
3377,2087.0,UKESM1-0-LL,ssp370,291.82815356074224
3378,2087.0,CanESM5,historical,
3379,2087.0,CanESM5,ssp370,292.3150532939753
3380,2087.0,ACCESS-CM2,historical,
3381,2087.0,ACCESS-CM2,ssp370,291.7666916763388
3382,2087.0,EC-Earth3,historical,
3383,2087.0,EC-Earth3,ssp370,291.1675036131857
3384,2088.0,CESM2,historical,
3385,2088.0,CESM2,ssp370,291.00797453779995
3386,2088.0,MPI-ESM1-2-LR,historical,
3387,2088.0,MPI-ESM1-2-LR,ssp370,290.0636773774221
3388,2088.0,CNRM-ESM2-1,historical,
3389,2088.0,CNRM-ESM2-1,ssp370,290.69183637735966
3390,2088.0,EC-Earth3-Veg,historical,
3391,2088.0,EC-Earth3-Veg,ssp370,291.6210885748672
3392,2088.0,FGOALS-g3,historical,
3393,2088.0,FGOALS-g3,ssp370,290.2307989047097
3394,2088.0,UKESM1-0-LL,historical,
3395,2088.0,UKESM1-0-LL,ssp370,291.8397244722765
3396,2088.0,CanESM5,historical,
3397,2088.0,CanESM5,ssp370,292.5392123813658
3398,2088.0,ACCESS-CM2,historical,
3399,2088.0,ACCESS-CM2,ssp370,291.74972703183596
3400,2088.0,EC-Earth3,historical,
3401,2088.0,EC-Earth3,ssp370,291.3478465038027
3402,2089.0,CESM2,historical,
3403,2089.0,CESM2,ssp370,291.2389868721115
3404,2089.0,MPI-ESM1-2-LR,historical,
3405,2089.0,MPI-ESM1-2-LR,ssp370,289.9215417008597
3406,2089.0,CNRM-ESM2-1,historical,
3407,2089.0,CNRM-ESM2-1,ssp370,290.84661711959933
3408,2089.0,EC-Earth3-Veg,historical,
3409,2089.0,EC-Earth3-Veg,ssp370,291.60979279217435
3410,2089.0,FGOALS-g3,historical,
3411,2089.0,FGOALS-g3,ssp370,290.2301324860427
3412,2089.0,UKESM1-0-LL,historical,
3413,2089.0,UKESM1-0-LL,ssp370,291.90703749258665
3414,2089.0,CanESM5,historical,
3415,2089.0,CanESM5,ssp370,292.60016342004417
3416,2089.0,ACCESS-CM2,historical,
3417,2089.0,ACCESS-CM2,ssp370,291.77074126089
3418,2089.0,EC-Earth3,historical,
3419,2089.0,EC-Earth3,ssp370,291.53066234010925
3420,2090.0,CESM2,historical,
3421,2090.0,CESM2,ssp370,291.28511046587215
3422,2090.0,MPI-ESM1-2-LR,historical,
3423,2090.0,MPI-ESM1-2-LR,ssp370,290.0330973759248
3424,2090.0,CNRM-ESM2-1,historical,
3425,2090.0,CNRM-ESM2-1,ssp370,290.79878159837637
3426,2090.0,EC-Earth3-Veg,historical,
3427,2090.0,EC-Earth3-Veg,ssp370,291.1509252610808
3428,2090.0,FGOALS-g3,historical,
3429,2090.0,FGOALS-g3,ssp370,290.4645785536602
3430,2090.0,UKESM1-0-LL,historical,
3431,2090.0,UKESM1-0-LL,ssp370,292.01006892902717
3432,2090.0,CanESM5,historical,
3433,2090.0,CanESM5,ssp370,292.5206721472436
3434,2090.0,ACCESS-CM2,historical,
3435,2090.0,ACCESS-CM2,ssp370,291.91089589638943
3436,2090.0,EC-Earth3,historical,
3437,2090.0,EC-Earth3,ssp370,291.25607626323614
3438,2091.0,CESM2,historical,
3439,2091.0,CESM2,ssp370,291.191291739356
3440,2091.0,MPI-ESM1-2-LR,historical,
3441,2091.0,MPI-ESM1-2-LR,ssp370,290.18423574718884
3442,2091.0,CNRM-ESM2-1,historical,
3443,2091.0,CNRM-ESM2-1,ssp370,290.60568305259784
3444,2091.0,EC-Earth3-Veg,historical,
3445,2091.0,EC-Earth3-Veg,ssp370,291.23401133633166
3446,2091.0,FGOALS-g3,historical,
3447,2091.0,FGOALS-g3,ssp370,290.38131122452654
3448,2091.0,UKESM1-0-LL,historical,
3449,2091.0,UKESM1-0-LL,ssp370,292.12625054993316
3450,2091.0,CanESM5,historical,
3451,2091.0,CanESM5,ssp370,292.4802764275084
3452,2091.0,ACCESS-CM2,historical,
3453,2091.0,ACCESS-CM2,ssp370,291.96931290048303
3454,2091.0,EC-Earth3,historical,
3455,2091.0,EC-Earth3,ssp370,291.2815244794502
3456,2092.0,CESM2,historical,
3457,2092.0,CESM2,ssp370,291.40064530497546
3458,2092.0,MPI-ESM1-2-LR,historical,
3459,2092.0,MPI-ESM1-2-LR,ssp370,290.0600519529503
3460,2092.0,CNRM-ESM2-1,historical,
3461,2092.0,CNRM-ESM2-1,ssp370,290.91111279626057
3462,2092.0,EC-Earth3-Veg,historical,
3463,2092.0,EC-Earth3-Veg,ssp370,291.5709590266121
3464,2092.0,FGOALS-g3,historical,
3465,2092.0,FGOALS-g3,ssp370,290.44745042702687
3466,2092.0,UKESM1-0-LL,historical,
3467,2092.0,UKESM1-0-LL,ssp370,292.2927293716687
3468,2092.0,CanESM5,historical,
3469,2092.0,CanESM5,ssp370,292.73470143027663
3470,2092.0,ACCESS-CM2,historical,
3471,2092.0,ACCESS-CM2,ssp370,291.9564632050957
3472,2092.0,EC-Earth3,historical,
3473,2092.0,EC-Earth3,ssp370,291.4563849239716
3474,2093.0,CESM2,historical,
3475,2093.0,CESM2,ssp370,291.291872172967
3476,2093.0,MPI-ESM1-2-LR,historical,
3477,2093.0,MPI-ESM1-2-LR,ssp370,289.97490828593317
3478,2093.0,CNRM-ESM2-1,historical,
3479,2093.0,CNRM-ESM2-1,ssp370,291.22951905660165
3480,2093.0,EC-Earth3-Veg,historical,
3481,2093.0,EC-Earth3-Veg,ssp370,291.97028242349774
3482,2093.0,FGOALS-g3,historical,
3483,2093.0,FGOALS-g3,ssp370,290.5847899032443
3484,2093.0,UKESM1-0-LL,historical,
3485,2093.0,UKESM1-0-LL,ssp370,292.2480503161431
3486,2093.0,CanESM5,historical,
3487,2093.0,CanESM5,ssp370,292.83956615486346
3488,2093.0,ACCESS-CM2,historical,
3489,2093.0,ACCESS-CM2,ssp370,292.06202663853685
3490,2093.0,EC-Earth3,historical,
3491,2093.0,EC-Earth3,ssp370,291.7050400381167
3492,2094.0,CESM2,historical,
3493,2094.0,CESM2,ssp370,291.5958793966736
3494,2094.0,MPI-ESM1-2-LR,historical,
3495,2094.0,MPI-ESM1-2-LR,ssp370,290.01251147371005
3496,2094.0,CNRM-ESM2-1,historical,
3497,2094.0,CNRM-ESM2-1,ssp370,291.1014852019076
3498,2094.0,EC-Earth3-Veg,historical,
3499,2094.0,EC-Earth3-Veg,ssp370,291.86286581012394
3500,2094.0,FGOALS-g3,historical,
3501,2094.0,FGOALS-g3,ssp370,290.62546127173664
3502,2094.0,UKESM1-0-LL,historical,
3503,2094.0,UKESM1-0-LL,ssp370,292.1710022571804
3504,2094.0,CanESM5,historical,
3505,2094.0,CanESM5,ssp370,292.8330349156632
3506,2094.0,ACCESS-CM2,historical,
3507,2094.0,ACCESS-CM2,ssp370,291.9531325654953
3508,2094.0,EC-Earth3,historical,
3509,2094.0,EC-Earth3,ssp370,291.9282735332782
3510,2095.0,CESM2,historical,
3511,2095.0,CESM2,ssp370,291.57556950951977
3512,2095.0,MPI-ESM1-2-LR,historical,
3513,2095.0,MPI-ESM1-2-LR,ssp370,290.17826371148266
3514,2095.0,CNRM-ESM2-1,historical,
3515,2095.0,CNRM-ESM2-1,ssp370,291.0318664475993
3516,2095.0,EC-Earth3-Veg,historical,
3517,2095.0,EC-Earth3-Veg,ssp370,291.7522675678467
3518,2095.0,FGOALS-g3,historical,
3519,2095.0,FGOALS-g3,ssp370,290.5718280566516
3520,2095.0,UKESM1-0-LL,historical,
3521,2095.0,UKESM1-0-LL,ssp370,292.22242088656867
3522,2095.0,CanESM5,historical,
3523,2095.0,CanESM5,ssp370,292.9326496829798
3524,2095.0,ACCESS-CM2,historical,
3525,2095.0,ACCESS-CM2,ssp370,292.1645596071642
3526,2095.0,EC-Earth3,historical,
3527,2095.0,EC-Earth3,ssp370,291.5356169082392
3528,2096.0,CESM2,historical,
3529,2096.0,CESM2,ssp370,291.5138102489281
3530,2096.0,MPI-ESM1-2-LR,historical,
3531,2096.0,MPI-ESM1-2-LR,ssp370,290.225252312285
3532,2096.0,CNRM-ESM2-1,historical,
3533,2096.0,CNRM-ESM2-1,ssp370,291.2649797937998
3534,2096.0,EC-Earth3-Veg,historical,
3535,2096.0,EC-Earth3-Veg,ssp370,291.8815086522855
3536,2096.0,FGOALS-g3,historical,
3537,2096.0,FGOALS-g3,ssp370,290.72158240643165
3538,2096.0,UKESM1-0-LL,historical,
3539,2096.0,UKESM1-0-LL,ssp370,292.456505118562
3540,2096.0,CanESM5,historical,
3541,2096.0,CanESM5,ssp370,293.01158813909666
3542,2096.0,ACCESS-CM2,historical,
3543,2096.0,ACCESS-CM2,ssp370,292.4310443700619
3544,2096.0,EC-Earth3,historical,
3545,2096.0,EC-Earth3,ssp370,291.68501788492006
3546,2097.0,CESM2,historical,
3547,2097.0,CESM2,ssp370,291.47696173954864
3548,2097.0,MPI-ESM1-2-LR,historical,
3549,2097.0,MPI-ESM1-2-LR,ssp370,290.27547197815255
3550,2097.0,CNRM-ESM2-1,historical,
3551,2097.0,CNRM-ESM2-1,ssp370,291.2944906145736
3552,2097.0,EC-Earth3-Veg,historical,
3553,2097.0,EC-Earth3-Veg,ssp370,292.0550333093938
3554,2097.0,FGOALS-g3,historical,
3555,2097.0,FGOALS-g3,ssp370,290.76282934266305
3556,2097.0,UKESM1-0-LL,historical,
3557,2097.0,UKESM1-0-LL,ssp370,292.44648247806
3558,2097.0,CanESM5,historical,
3559,2097.0,CanESM5,ssp370,292.94074066524615
3560,2097.0,ACCESS-CM2,historical,
3561,2097.0,ACCESS-CM2,ssp370,292.41855065097945
3562,2097.0,EC-Earth3,historical,
3563,2097.0,EC-Earth3,ssp370,292.03149364306563
3564,2098.0,CESM2,historical,
3565,2098.0,CESM2,ssp370,291.77851978040235
3566,2098.0,MPI-ESM1-2-LR,historical,
3567,2098.0,MPI-ESM1-2-LR,ssp370,290.4083529993795
3568,2098.0,CNRM-ESM2-1,historical,
3569,2098.0,CNRM-ESM2-1,ssp370,291.33506669773755
3570,2098.0,EC-Earth3-Veg,historical,
3571,2098.0,EC-Earth3-Veg,ssp370,291.760523540389
3572,2098.0,FGOALS-g3,historical,
3573,2098.0,FGOALS-g3,ssp370,290.65388536557066
3574,2098.0,UKESM1-0-LL,historical,
3575,2098.0,UKESM1-0-LL,ssp370,292.3934070680102
3576,2098.0,CanESM5,historical,
3577,2098.0,CanESM5,ssp370,292.9998345483191
3578,2098.0,ACCESS-CM2,historical,
3579,2098.0,ACCESS-CM2,ssp370,292.4310669390109
3580,2098.0,EC-Earth3,historical,
3581,2098.0,EC-Earth3,ssp370,292.17079106609225
3582,2099.0,CESM2,historical,
3583,2099.0,CESM2,ssp370,291.79000626944134
3584,2099.0,MPI-ESM1-2-LR,historical,
3585,2099.0,MPI-ESM1-2-LR,ssp370,290.426387000259
3586,2099.0,CNRM-ESM2-1,historical,
3587,2099.0,CNRM-ESM2-1,ssp370,291.32206298065836
3588,2099.0,EC-Earth3-Veg,historical,
3589,2099.0,EC-Earth3-Veg,ssp370,291.8613554386504
3590,2099.0,FGOALS-g3,historical,
3591,2099.0,FGOALS-g3,ssp370,290.8280157084358
3592,2099.0,UKESM1-0-LL,historical,
3593,2099.0,UKESM1-0-LL,ssp370,292.52767807114634
3594,2099.0,CanESM5,historical,
3595,2099.0,CanESM5,ssp370,293.13244396647144
3596,2099.0,ACCESS-CM2,historical,
3597,2099.0,ACCESS-CM2,ssp370,292.53924044141576
3598,2099.0,EC-Earth3,historical,
3599,2099.0,EC-Earth3,ssp370,291.812712982169
3600,2100.0,CESM2,historical,
3601,2100.0,CESM2,ssp370,291.85104313024016
3602,2100.0,MPI-ESM1-2-LR,historical,
3603,2100.0,MPI-ESM1-2-LR,ssp370,290.5063763583793
3604,2100.0,CNRM-ESM2-1,historical,
3605,2100.0,CNRM-ESM2-1,ssp370,291.37937834341227
3606,2100.0,EC-Earth3-Veg,historical,
3607,2100.0,EC-Earth3-Veg,ssp370,292.0517972827176
3608,2100.0,FGOALS-g3,historical,
3609,2100.0,FGOALS-g3,ssp370,290.6962587777576
3610,2100.0,UKESM1-0-LL,historical,
3611,2100.0,UKESM1-0-LL,ssp370,292.66232232808466
3612,2100.0,CanESM5,historical,
3613,2100.0,CanESM5,ssp370,292.9838055622402
3614,2100.0,ACCESS-CM2,historical,
3615,2100.0,ACCESS-CM2,ssp370,292.62544889114616
3616,2100.0,EC-Earth3,historical,
3617,2100.0,EC-Earth3,ssp370,291.86330641081724
